"Aai, Shyamchi"
"AÃ¼, Amber"
"Aaron, Huw"
"AbadÃ­a, Ximo"
"Abbott, Matt"
"Abdel-Magied, Yassmin"
"Abdo, Dan"
"Abdur-Rashid, Tasneem"
"Ablett, Barry"
"Abse, Dannie"
"Ace, Lauren"
"Acevedo, Elizabeth"
"Aceves, Fred"
"Achebe, Chinua"
"Acton, Sarah"
"Adamo, Meredith"
"Adams, Douglas"
"Adams, Jenna"
"Adams, Julia"
"Adamson, Ged"
"Adams, Pam"
"Adams, Richard"
"Adams, Simon"
"Adams, Tom"
"Adani, Nabila"
"Addison, Amanda"
"Addollahi, Ehsan"
"Adebisi, Maria.Motunrayo"
"Adegoke, Yomi"
"Adele, Amy"
"Adeola, Dapo"
"Aderin-Pocock, Dr.Maggie"
"Adewumi, Tanitoluwa"
"Adeyemi, Tomi"
"Adeyinka, Sabine"
"Adichie, Chimamanda"
"Adichie, Chimamanda.Ngozi"
"Adi, Hakim"
"Agard, John"
"Agarwal, Pragya"
"Agboluaje, Oladipo"
"Agee, Jon"
"Agnis, Zoya"
"Agnone, Julie.Vosburgh"
"Agrawal, Roma"
"Aguilar, Delfina"
"Ahlberg, Allan"
"Ahlberg, Janet"
"Ahmadi, Arvin"
"Ahmed, Safa"
"Ahmed, Sufiya"
"Ahpornsiri, Helen"
"Aiken, Clare"
"Aiken, Joan"
"Ainsworth, Eve"
"Akhter, Zeshan"
"Akyuz, Sav"
"Albanese, Lara"
"Albee, Edward"
"Albertalli, Becky"
"Albert, Melissa"
"Alborough, Jez"
"Alcante, Didier"
"Aldred, James"
"Aldred, Tanya"
"Aldridge, Ben"
"Alexander, Heather"
"Alexander, Kwame"
"Alexander, Lawrence"
"Alexie, Sherman"
"Ali, Monica"
"Alington, Adrian"
"Alisha, Niehaus"
"Alizadeh, Kip"
"Allain, Laura.Henry"
"Allan, Annemarie"
"Allan, Nicholas"
"Allen, Nicholas"
"Allen, Peter"
"Allen, Sarah"
"Allepuz, Anuska"
"Almeras, Gaelle"
"Almond, David"
"Alston, B.B"
"Altes, Marta"
"Altigan, Merve"
"Alzial, Sylvain"
"Amano, Shiro"
"Ambrosi, Mario"
"Anand, Aditi"
"Anang, Annemarie"
"Anastasia, Natasha"
"Anderson, Hans.Christian"
"Anderson, Laura.Ellen"
"Anderson, Laurie.Halse"
"Anderson, M.T"
"Anderson, Natalie.C"
"Anderson, Rebecca"
"Anderson, Scoular"
"Anderson, Sophie"
"Andreae, Giles"
"Andrews, Gaynor"
"Andrews, Jaimee"
"Andrews, Phoenix"
"Anganuzzi, Clara"
"Angell, Nich"
"Angelou, Maya"
"Anholt, Laurence"
"Ansar, Mariam"
"Antony, Steve"
"Antram, David"
"Antrobus, Raymond"
"Anyabwile, Dawud"
"Aoyama, Gosho"
"Applebaum, Kirsty"
"Applegate, Katherine"
"Arakawa, Hiromu"
"Archer, Mandy"
"Ardagh, Philip"
"Ard, Catherine"
"Arena, Zoe"
"Arkle, Phyllis"
"Arlo, David"
"Armitage, Dan"
"Armitage, Ronda"
"Armstrong, Alexander"
"Armstrong, Gail"
"Armstrong, Simon"
"Armstrong, ZoÃ«"
"Arnault, Sabrina"
"Arnold, David"
"Arnold, Nick"
"Aronowitz, Nona.Willis"
"Arrhenius, Ingela.P"
"Arrigo, Mark"
"Arshad, Humza"
"Asada, Hiroyuki"
"Asai, Renji"
"Asghar, Fatimah"
"Asher, Jay"
"Ashley, Bernard"
"Ashley, Beth"
"Ashworth, Andrea"
"Ashworth, Donna"
"Askwith, H.F"
"Asquith, Ros"
"Aston, Dianna"
"Aston, Dianna.Hutts"
"Asuquo, Sarah"
Atinuke
"Atkinson, Alex"
"Atkinson, Kate"
"Atta, Dean"
"Attai, Sharara"
"Atwood, Margaret"
"Aubin, Jean-Baptiste"
"Audet, Jerry"
"Auerbach, Adam"
"Auld, Mary"
"Austen, Jane"
"Auster, Paul"
"Auton, Lisette"
"Averill, Oliver"
"Averiss, Corrinne"
"Avery, Annaliese"
"Avery, Justine"
"Avery, Tom"
"Avon, Laurie"
"Awdry, Reverand.W"
"Ayckbourn, Alan"
"Aydin, Andrew"
"Ayling-Ellis, Rose"
"Ayoade, Richard"
"Ayres, Eddie"
"Azar, Kiera"
"Azuma, Kiyohiko"
"Babbitt, Natalie"
"Backman, Fredrik"
"Bacon, Lee"
"Baddiel, David"
"Bado, Ali"
"Badoe, Yaba"
"Badosa, Melania"
"Baer, Sam"
"Baer, Sandra"
"Bagnall, Susan"
"Bailey, Ella"
"Bailey, Ellen"
"Bailey, Lily"
"Bailey, Linda"
"Bailey, Maddie"
"Bailey, Rosa"
"Baker, Jeannie"
"Baker, Laura"
"Baker, Nicola"
"Baker, S.J"
"Baker-Smith, Grahame"
"Bakis, Maureen"
"Balding, Clare"
"Baldinucci, Loredana"
"Balen, Katya"
"Balit, Christina"
"Ballagh, Rebekah"
"Ballantyne, R.M"
"Ballard, J.G"
"Bancroft, Bronwyn"
"Bangura, Siana"
"Banham, Yvonne"
"Bank, Melissa"
"Banks, Angelica"
"Banks, Iain"
"Banks, Jemma"
"Banks, Kate"
"Banks, Lynne.Reid"
"Baptiste, Elaine"
"Baptiste, Tracey"
"Barber, Antonia"
"Barclay, Alex"
"Bard, Maddy"
"Bardugo, Leigh"
"Barfield, Mike"
"Barker, Brooke"
"Barker, Cicely.Mary"
"Barker, Claire"
"Barker, David"
"Barker, Meg-John"
"Barker, Pat"
"Barker, Vicky"
"Barnard, Sara"
"Barnes, Derrick"
"Barnes, Jennifer.Lynn"
"Barnett, Emma"
"Barnett, Mac"
"Barnham, Kay"
"Barnhill, Kelly"
"Baron, Adam"
"Baron, Dr.Matthew"
"Baron, Matthew"
"Barr, Catherine"
"Barr, Emily"
"Barrett, Angela"
"Barr-Green, Craig"
"Barrie, J.M"
Barroux
"Barrow, David"
"Barrow, Rebecca"
"Barry, Caswell"
"Barry, Sebastian"
"Barthelmess, Nikki"
"Bascomb, Neal"
"Basher, Simon"
"Basquiat, Jean-Michel"
"Bass, Guy"
"Basting, Marie"
"Bate, Helen"
"Bates, Dianne"
"Bathie, Holly"
"Batignole, Vincent"
"Baudet, Stephanie"
"Baugh, Helen"
"Baumann, Anne-Sophie"
"Baum, L.Frank"
"Baussier, Sylvie"
"Bawden, Nina"
"Bayron, Kalynn"
Beach
"Beam, Honie"
"Bearn, Emily"
"Beaty, Andrea"
"Beccaloni, Jan"
"Becker, Aaron"
"Becker, Harmony"
"Beckett, Samuel"
"Beckford, William"
"Beck, Ian"
"Bedenham, Nicola.Louise"
"Bedini, Francesco"
"Bee, Candy"
"Beech, Ella"
"Beedie, Duncan"
"Beer, Julie"
"Beer, Sophie"
"Bee, William"
"Behn, Aphra"
"Bell, Alex"
"Bell, Cece"
"Bell, Davina"
"Bell, Jennifer"
"Bell, Johanna"
"Bello, Abiola"
"Belloc, Hilaire"
"Bello, Marry"
"Bellos, Alex"
"Bell, P.G"
"Belyaev, Roman"
"Bemelmans, Ludwig"
"Ben-Barak, Idan"
"Benchley, Peter"
"Benedict, Alexandra"
"Benet, Nuria.GÃ³mez"
"Benjamin, Ali"
"Benjamin, Floella"
"Benke, Karen"
"Bennett, Alan"
"Bennett, Jean"
"Bennett, M.A"
"Bennett, Martellus"
"Bennett, Robin"
"Benson, Dee"
"Bently, Peter"
"Bergdorf, Munroe"
"Berger, Sophie"
"Bergin, Mark"
"Bergman, Mara"
"Berk, Ari"
"Berkowitz, Eliza"
"Bernard, Jay"
"Berne, Jennifer"
"Bernet, Katie"
"Berrie, Christine"
"Berry, James"
"Berzinska, Lilija"
"Bethell, Zillah"
"Bettridge, Emma"
"Biddulph, Rob"
"Biederstadt, Maike"
"Biegel, Paul"
"Biesty, Stephen"
"Bilan, Jasbinder"
"Bilston, Brian"
"Bingham, Jane"
"Birchall, Katy"
"Birch, Beverley"
"Bircher, Rob"
"Bird, Faye"
"Bird, Pip"
"Birdsall, Jeanne"
"Bird, Ty"
"Birney, Betty.G"
"Bishop, Claire.Huchet"
"Bishop, Gavin"
"Bishop, James"
"Bishop, Sylvia"
"Bissett, Alan"
"Biswas, Tania"
"Blabey, Aaron"
"Blackburn, Katie"
"Blackcrane, Gerelchimeg"
"Black, Holly"
"Blackman, Malorie"
"Blackman, N.S"
"Blackshaw, Henry"
"Blackwell, Amy"
"Blade, Adam"
"Blake, Beccy"
"Blake, Quentin"
"Blake, Rose"
"Blake, Sam"
"Blake, Stephanie"
"Blake, William"
"Blakey, Robert"
"Bloom, Jenny"
"Bloom, Valerie"
"Blume, Judy"
"Blunt, Fred"
"Blyton, Enid"
"Boakye, Jeffrey"
"Boardman, Adam.Allsuch"
Boichi
"Bola, JJ"
"Bollee, Laurent-Frederic"
"Bolt, Robert"
"Bond, Amy"
"Bond, Ash"
"Bond, John"
"Bond, Michael"
"Bond, Rebecca"
"Bone, Emily"
"Bonet, Xavier"
"Bonne-Muller, Caroline"
"Bonning-Gould, Krissy"
"Booker, Malika"
"Booth, Anne"
"Booth, Lawrence"
"Borgenicht, David"
"Boston, Lucy.M"
"Bothwell, Matthew"
"Boughton, Sam"
"Boulle, Pierre"
"Boulley, Angeline"
"Bourne, Holly"
"Bourne, Stephen"
"Boutavant, Marc"
"Bowen, Neil"
"Bowie, Sarah"
"Bowkett, Steve"
"Bowles, Paula"
"Bowling, Nicholas"
"Bowman, Lucy"
"Bowsher, Alice"
"Boxall, Penny"
"Boyadjieva, Vyara"
"Boyden, Robin"
"Boylan, Eleanor"
"Boyle, Mark"
"Boyne, John"
"Boynton, Sandra"
"Bracken, Alexandra"
"Bradbury, Ray"
"Braddock, Paige"
"Bradford, Chris"
"Bradley, Jess"
"Bradman, Tony"
"Brahmachari, Sita"
"Braillier, Max"
"Brake, Duncan"
"Brake, Mark"
"Brandelius, Uje"
"Brandt, Lucy"
"Brankovic, Lidia"
"Brannen, Sarah"
"Brantley-Newton, Vanessa"
"Braun-Arnold, Lily"
"Braun, Dieter"
"Braun, Seb"
"Bray, Anneli"
"Breach, Jen"
"Brech, Nora"
"Breeze, Caitlin"
"Brereton, Catherine"
"Breslin, Theresa"
"Brett, Ivan"
"Brewer, Caroline"
"Bridges, Shirin.Yim"
"Briggs, Raymond"
"Bright, Rachel"
"Brignull, Irena"
"Brill, Sarah"
"Brinkhurst-Cuff, Charlie"
"Brisenden, Rhys"
"Broadbent, Rick"
"Brocklehurst, Ruth"
"Brol, Magda"
"Bronte, Charlotte"
"Bronte, Emily"
"Brooke, Anna"
"Brook, Henry"
"Brooksbank, Angela"
"Brooks, Ben"
"Brooks, Charlie.P"
"Brooks, Kevin"
"Brooks, Nick"
"Brooks, Susie"
"Broom, Jenny"
"Brosgol, Vera"
"Brosh, Allie"
"Brosnan, Katie"
"Brotton, Jerry"
"Brown, Al"
"Brown, Carron"
"Brown, Clemency"
"Brown, Danielle"
"Brown, Denise"
"Browne, Anthony"
"Brown, Ed.J"
"Browne, Hartigan"
"Brown, Eileen"
"Brown, Erik.J"
"Brown, Erin"
"Brown, James"
"Brown, Jeff"
"Brownlow, Mike"
"Brown, Martin"
"Brown, Matt"
"Brown, Melanie"
"Brown, Peter"
"Brownridge, Lucy"
"Brownrigg, Susan"
"Brown, Ruth"
"Brown, Savannah"
"Brown, Waka.T"
"Bruff, Andrew"
"Bruton, Catherine"
"Bruttomesso, Michele"
"Bruzzone, Catherine"
"Bryan, Lara"
"Bryan, Laura"
"Bryant, Clive"
"Bryant, Jen"
"Bryon, Nathan"
"Bryson, Bill"
"Budgen, Tim"
"Buffini, Moira"
"Buitrago, Jairo"
"Bullard, Lisa"
"Bullock, Marita"
"Bunnell, Isabella"
"Bunting, Philip"
"Bunton, Martin"
"Bunzl, Peter"
"Burchett, Jan"
"Burdett, Forrest"
"Burdett, Lois"
"Burge, Rachel"
"Burgess, Anthony"
"Burgess, Graham"
"Burgess, Linda"
"Burgess, Matthew"
"Burgess, Melvin"
"Burke, Fatti"
"Burkett, Seth"
"Burkinshaw, Kathleen"
"Burks, James"
"Burnell, Cerrie"
"Burnell, Dick"
"Burningham, John"
"Burns, Peter"
"Burroway, Janet"
"Burrow, Colin"
"Burrows, Sophie"
"Burton, Jessie"
"Burton, Ruthine"
"Burton, Tim"
"Busby, Ailie"
"Bushby, Aisha"
"Butchart, Pamela"
"Butfield, Colin"
"Butler, George"
"Butler, Nancy"
"Butler, Octavia"
"Butler, Steven"
"Butterfield, Jeremy"
"Butterfield, Lanisha"
"Butterfield, Moira"
"Butterworth, Chris"
"Butterworth, Christine"
"Butterworth, Jess"
"Butterworth, Jez"
"Butterworth, Nick"
"Buxner, Sanlyn"
"Buzan, Tony"
"Byrd, Tyler"
"Byrne, Richard"
"Byrne, Tanya"
"Calcutt, David"
"Caldecott, Elen"
"Calder, Jill"
"Caldwell, Patrice"
"Calejo, Ryan"
"Caleo, Grazia"
"Cali, Davide"
"Callaghan, Chris"
"Callender, Kacen"
"Calmo, Amelie-Anne"
"Calonita, Jen"
"Camerini, Valentina"
"Cameron, Neill"
"Cameron, Sophie"
"Campbell, Alastair"
"Campbell, Allen"
"Campbell, Guy"
"Campbell, Hannah"
"Campbell, Jen"
"Campbell, K.G"
"Campbell, Rod"
"Campbell, Triona"
"Campion, Keith"
"Camp, JoaquÃ­n"
"Canales, Katy"
"Canning, P.J"
"Cantini, Barbara"
"Cantrell-Rodriguez, Marisa"
"Canty, James"
"Capote, Truman"
"Cappucci, Matthew"
"Card, Orson.Scott"
"Cargill-Martin, Honor"
"Cargill, Perdita"
"Cariello, Sergio"
"Carle, Eric"
"Carlin, Laura"
"Carlisle, Emma"
"Carnavas, Peter"
"Carney, Jen"
Carnovsky
"Carpenter, Humphrey"
"Carr, Matt"
"Carroll, Emily"
"Carroll, Emma"
"Carroll, John"
"Carroll, Lewis"
"Carson, Jan"
"Carswell, Fiona"
"Carter, AimÃ©e"
"Carter, Ally"
"Carter, Angela"
"Carter, Emily"
"Carter, James"
"Carter, Reece"
"Carthew, Natasha"
"Cartwright, Ann"
"Casale, Alexia"
"Casals, Joana"
"Casey, Dawn"
"Cassells, Lynn"
"Cassidy, Anne"
"Castelletti, Charlie"
"Castellucci, Cecil"
"Castle, Charlie"
"Castle, Kate"
"Castrillon, Melissa"
"Castro, Beatriz"
"Catchpole, James"
"Catchpole, Lucy"
"Catchpool, Michael"
"Cather, Willa"
"Cattell, Bob"
"Caught, Alexis"
"Causley, Charles"
"Cavallo, Francesca"
"Cavendish, Grace"
"Cave, Nick"
"Cawthon, Scott"
"Cawthorne, Catherine"
"Ceren, Ova"
"Cervantes, J.C"
"Cervantes, Miguel"
"Cesare, Adam"
"Chabbert, Ingrid"
"Chabon, Michael"
"Chaim, Shoshana"
"Chainani, Soman"
"Chakanetsa, Kim"
"Chakrabarti, Nina"
"Chambers, Aidan"
"Chambers, Becky"
"Chambers, Roland"
"Chancellor, Deborah"
"Chandi, Preet"
"Chandler, Murray"
"Chan, Maisie"
"Chan, Shirley"
"Chapman, Giles"
"Chapman, Jane"
"Chapman, Simon"
"Chapman, Sital.Gorasia"
"Charaipotra, Sona"
"Charlton, Darren"
"Charters, Janet"
"Chatterton, Chris"
"Chatterton, Steven"
"Chaucer, Geoffrey"
"Chawdhary, Sunita"
"Chee, Traci"
"Chengâ€™En, Wu"
"Chen, Te-Ping"
"Chen, Wen.Hsu"
"Cherry, Lynne"
"Cherry, Matt"
"Cheshire, Simon"
"Chetty, Darren"
"Cheung, Sue"
"Chevalier, Tracy"
"Chevannes, Sabrina"
"Chichester, Emma"
"Child, Lauren"
"Chilvers, Terrie"
"Chimbiri, K.N"
"Chim, Wai"
"Chinnery, Emma"
"Chisholm, Alastair"
"Chisholm, Jane"
"Cho, Ian.X"
"Choi, Yangsook"
"Chopin, Kate"
"Chou, Joey"
"Chowdhury, Azmain"
"Chowdhury, Riya"
"Christians, Julia"
"Christie, Agatha"
"Christie, Sally"
"Christo, Alexandra"
"Christou, Bethany"
"Christou, Sarah"
"Chung, Arree"
"Churchill, Caryl"
"Ciddor, Anna"
"Cis, Valeria"
"Claessen, Jennifer"
CLAMP
"Clanton, Ben"
"Clapham, Katie"
"Clare, Cassandra"
"Clare, Horatio"
"Clarke, Bethan"
"Clarke, Catriona"
"Clarke, Gillian"
"Clarke, Jane"
"Clark, Elizabeth"
"Clarke, Sam"
"Clarke, Shirley"
"Clark, Kathryn"
"Clark, Mike"
"Clark, Simon.P"
"Clarkson, Giselle"
"Clary, Julian"
"Claybourne, Anna"
"Clayton, Dhonielle"
"Clayton, Rebekah"
"Cleland, Josh"
"Clement, Gilles"
"Clement, Rod"
"Clements, Gillian"
"Cleminson, Katie"
"Cleveland-Peck, Patricia"
"Cleverly, Sophie"
"Cline, Ernest"
"Clipstone, Lyndall"
"Clover, Andrew"
"Clunie, Rosemary"
"Coats, Lucy"
"Cobb, Rebecca"
"Cochran, Lucy"
"Cockin, Jim"
"Coe, Justin"
"Coelho, Joseph"
"Coelho, Paulo"
"Cole, Babette"
"Cole, Steve"
"Cole, Tillie"
"Cole, Tobey"
"Colfer, Eoin"
"Collins, Jordan"
"Collinson, Clare"
"Collins, Orlagh"
"Collins, Ross"
"Collins, Stephen"
"Collins, Suzanne"
"Collins, Tim"
"Collins, Wilkie"
"Collodi, Carlo"
"Collver, Jordan"
"Colmer, David"
"Colson, Rob"
"Colton, Nicola"
"Comerford, Helen"
"Conaghan, Brian"
"Condie, Ally"
"Condon, John"
"Conlon, Dom"
"Conner, Hari"
"Conrad, Joseph"
"Constable, Cathryn"
"Contreras, MarÃ­a.JesÃºs"
"Conway, David"
"Cooke, Dominic"
"Cooke, Tim"
"Cooke, Trish"
"Cook, Harry"
"Cookson, Paul"
"Cool, Annemarie"
"Coolidge, Susan"
"Coombs, Esther"
"Coonradt, Coby"
"Cooper, Helen"
"Cooper, Susan"
"Copeland, Sam"
"Corbett, Pie"
"Cordani, Andreina"
"Corderoy, Tracey"
"Corder, Zizou"
"Cormier, Robert"
"Cornwall, Gaia"
"Corpora, Michelle.JabÃ¨s"
"Corrie, Alice"
"Cort, Ben"
"Coryton, Laura"
"Cosford, Nina"
"Cosgrave, Lee"
"Coslett, Neil"
"Cossanteli, Veronica"
"Cotter, Alex"
"Cotterill, Jo"
"Cottle, Katie"
"Cottrell-Boyce, Frank"
"Courtauld, Sarah"
"Courtney-Tickle, Jessica"
"Cousins, Lucy"
"Cowan, Nadine"
"Cowell, Cressida"
"Cowley, Joy"
"Cox, Beth"
"Crace, Jim"
"Craft, Jerry"
"Craig, Caroline"
"Craig, Erin.A"
"Craiggs, Sarah"
"Craighead.George, Jean"
"Craig, Mya-Rose"
"Creech, Sharon"
"Cresswell, Helen"
"Crew, Gary"
"Critchley, Emily"
"Crofton, Sarah"
"Cronin, Doreen"
"Crosby, Polly"
"Crossan, Sarah"
"Cross, Gillian"
"Cross, Kit"
"Crossley-Holland, Kevin"
"Cross, Paul"
"Cross, Paul.Ian"
"Cross, Wendy"
"Croucher, Lex"
"Crowe, Caroline"
"Crowley, Natalie"
"Crumpton, Nick"
"Cubells, Cristina"
"Cummings, Phil"
"Cunningham, Kate"
"Cunningham, Kerri"
"Cunningham, Sue.H"
"Cunxin, Li"
"Curham, Siobhan"
"Curll, Jana"
"Curnick, Pippa"
"Curran, Tracy"
"Currell-Williams, Imogen"
"Curtis, Richard"
"Cutler, Marcus "
"Dackenberg, Clara"
"Dahl, Roald"
"Dahman, Myriam"
"Dai'an, Emma"
"Daley, Niki"
"Daley, Tom"
"Dalton, Chloe"
"Dalvand, Reza"
"Daly, Lizzie"
"Daly, Niki"
"Damali, Enomwoyi"
"Damon, Emma"
"Dangarembga, Tsitsi"
"Daniels, Chris"
"Daniels, Lucy"
"Daniels, Natasha"
"Daniels, Patricia"
"Daniels, Sarah"
"Danks, Fiona"
"Darbishire, Kate"
"Darbon, Mel"
"D'Arcy, Gordon"
"Darnton, Tracy"
"Darwin, Sarah"
"DasGupta, Piu"
"Dashner, James"
"Dassu, A.M."
"Davenport, Amber"
"Davey, Owen"
"Davey, Seb"
"David, Donna"
"David, Keren"
"Davidson, Andrea"
"Davidson, Rose"
"Davies, Becky"
"Davies, Benji"
"Davies, James"
"Davies, Kate"
"Davies, Nicola"
"Davies, Sheena"
"Davies, Stephen"
"Davis, James"
"Davison, Emily"
"Davis, Rachael"
"Dawe, Alexandra"
"Dawkins, Richard"
"Dawn, Akemi"
"Dawnay, Gabby"
"Dawson, Juno"
"Day, Elizabeth"
"Day, Kelsey"
"Daykin, Chloe"
"Daynes, Katie"
"Day, Susie"
"Daywalt, Drew"
"Deacon, Alexis"
"Dean, Benjamin"
"Dean, David"
"Dean, Rachael"
"Deary, Terry"
"Deas, Robert"
"deBrunhoff, Jean"
"De.Castro, Javi"
"Deeney, Troy"
"Defoe, Daniel"
"de.Jongh, AimÃ©e"
"de.Jong, Maria"
"de, Kay"
"de.la.Bedoyere, Camilla"
"De.La.Cruz, Melissa"
"delaMare, Walter"
"de.la.Prada, Sandra"
"Delargy, Flora"
"Delforge, HÃ©lÃ¨ne"
"Delle.Donne, Raffaella"
"Dellow, Sarah"
"De.Luca.Mulandiee, Stella"
"de, Lucile"
"Demetriou, Annette"
"Deming, Susan"
"Demizu, Posuka"
"de.Moraes, Thiago"
"Dempsey, Sheena"
"Deng, Sally"
"Dennard, Susan"
"Denton, Terry"
"DePrince, Elaine"
"DePrince, Michaela"
"deRadigues, Max"
"Desai, Anita"
"Desamours, Channelle"
"de, Sebastien"
"Desmond, Jenni"
"Detha, Vijaydan"
"Devi, Ananda"
"Devolle, John"
"Dewdney, Anna"
"Dâ€™HipÃ³lito, RÃ´molo"
"Diamante, Letizia"
"Dias-Hayes, Michaela"
"Diaz, Estefania"
"Diaz, Lucia.Perez"
"DiCamillo, Kate"
"DiCicco, Sue"
"Dickens, Charles"
"Dickinson, Emily"
"Dickinson, Peter"
"Dickmann, Nancy"
"Dick, Philip.K"
"Dieckmann, Sandra"
"DiFranco, Ani"
"Digard, Nicolas"
"Dillon, Patrick"
"Dinnigan, Collette"
"Dione, Rutendo"
"Dipucchio, Kelly"
"Diski, Jenny"
"DiTerlizzi, Tony"
"Divin, Sue"
"Dixon, Rachel"
"Docherty, Helen"
"Dockrill, Laura"
"Dodd, Emily"
"Dodd, Emma"
"Dodd, Lynley"
"Doeden, Matt"
"Doerrfeld, Cori"
"Doherty, Berlie"
"Dolan, Elys"
"Dolan, Taylor"
"Domenici, Davide"
"Donaldson, Julia"
"Donkin, Andrew"
"Don, Lari"
"Donne, John"
"Donnelly, Jennifer"
"Donnelly, Paddy"
"Dooley, Aoife"
"Doran, David"
"Dorion, Christiane"
"Dormeau, CÃ©cile"
"Dos.Santos, Marcelo"
"Dougherty, John"
"Dowding, Charles"
"Downham, Jenny"
"Dowsett, Elizabeth"
"Dowswell, Paul"
"Doxiadis, Apostolos"
"Doyle, Arthur.Conan"
"Doyle, Carrie"
"Doyle, Catherine"
"Doyle, Roddy"
"Dragt, Tonke"
"Dreiser, Theodore"
"Dresser, Madge"
"Drewery, Kerry"
"Drewery, Mark"
"Drew, Liam"
"Drews, C.G"
"Drinkell, Peter"
"Druvert, HÃ©lÃ¨ne"
"Dubois, Claude.K"
"du.Bois, William.Pene"
"Dubosarsky, Ursula"
"Duckhouse, Kel"
"du, Daphne"
"Duddle, Jonny"
"Duffy, Carol.Ann"
"Duffy, Malcolm"
"Dugal, Matthieu"
"Dugan, Jennifer"
"Duggan, Helena"
"Duhig, Holly"
"Dulak, Mariesa"
"Dumas, Alexandre"
"Dunbar, Polly"
"Duncan, Monique"
"Dungan, BrÃ­an"
"Dunham, Kelli"
"Dunmore, Helen"
"Dunning, Jan"
"DuPrau, Jeanne"
"Durante, Viviana"
"Durkin, Frances"
"Durley, Natasha"
"Durman, Laura"
"Durrant, S.E."
"Durrell, Gerald"
"Duskey, Sherri"
"Duvoisin, Roger"
"Dwyer, Kristin"
"Dyer, Kevin"
"Dylan, Gabriel"
"Dyson, Nikki"
"Dyu, Lily"
"Dziubak, Emilia"
"Eade, James"
"Eagar, Lindsay"
"Eagle, Judith"
"Eagleton, Ian"
"Earle, Phil"
"East, Nick"
"Easton, Grace"
"Easton, Tom"
"Ebrahimi, Payam"
"Ebrey, Lucie"
"EcheverrÃ­a, Julio.Serrano"
"Echeverri, Catalina"
"Eckerle, Isabella"
"Eco, Umberto"
"Edge, Christopher"
"Edge, Suzie"
"Edginton, Ian"
"Edmondson, Emma.Slade"
"Edmundson, Helen"
"Edwards, Becky"
"Edwards, Dorothy"
"Edwards, Lucy"
"Edwards, Mike"
"Edwards, Nicola"
"Egan, Leanne"
"Egan, Leon"
"Egbert, Corey"
"Eggers, Dave"
"Eggers, David"
"EgnÃ©us, Daniel"
"Ehlert, Lois"
"Ehrhardt, Karen"
"Ekins, Erin"
"Eland, Eva"
"El-Arifi, Saara"
"Eldred, Ava"
"Eldridge, Jim"
"Eliot, George"
"Eliot, TS"
"Ellams, Inua"
"Ellen, Tom"
"Elliot, David"
"Elliott, Joseph"
"Ellis, Carson"
"Ellis, Deborah"
"Ellis, Kat"
"Elman, Michelle"
"Elphinstone, Abi"
"Elton, Ben"
"El.Touny, Rhaida"
"Elwell, Angela"
"Emezi, Akwaeke"
"Emmett, Catherine"
"Emmett, Jonathan"
"Empson, Jo"
"Emrys, Ruthanna"
"Engbers, Victor"
"Engel, Christiane"
"English, Alex"
"Englund, Jennie"
"Entrada, Erin"
"Epis, Federico"
"Eric, Hill"
"Er, Jiu"
"Esiri, Allie"
"Etaat, Shideh"
"Etherington, Robin"
Eunnie
"Evalds, Elka"
"Evans, Cathy"
"Evans, Fay"
"Evans, Frances"
"Evans, Harriet"
"Evans, Lissa"
"Evans, Maz"
"Evans, Tegen"
"Evaristo, Bernardine"
"Evensen, Erik.A"
"Ewen, Diane"
"Ewen, Jan.Peterson"
"Extence, Gavin"
"Eyeson, Abena"
"Faber, Polly"
"Fadugba, Femi"
"Fairgrieve, Lauren"
"Faizal, Hafsah"
"Falafel, Olaf"
"Falase-Koya, Alex"
"Falconer, Ian"
"Falconer, Rochelle"
"Falkner, J.Meade"
"Falls, Barry"
"Fan, Eric"
"Fan, Eric"
"Fan, Terry"
"Fargher, Anna"
"Farmer, Penelope"
"Farooki, Roopa"
"Farook, Niyla"
"Farrant, Natasha"
"Farrarons, Emma"
"Farr, David"
"Farrell, Alison"
"Farrell, Paul"
"Farrow, Joanna"
"Fatio, Louise"
"Faturoti, Rachel"
"Faulkner, William"
"Faulks, Sebastian"
"Favilli, Elena"
"Favreau, Marc"
"Fayers, Claire"
"Fearnley, Jan"
"Fears, Mina"
"Feng, Lisk"
"Fenne, David"
"Fergusson, Maggie"
"Fernandes, Rachael"
"Fern, Sam"
"Ferrer, Marianne"
"Ferrie, Chris"
"Fetter-Vorm, Jonathan"
"Feynman, Richard"
"Ficklin, Sherry.D"
"Fidler, Kathleen"
"Fielding, Yvette"
"Field, Jim"
"Fienberg, Anna"
"Finch, Louise"
"Findlay, Rhiannon"
"Fine, Anne"
"Finer, Nadia"
"Finlay, Madeleine"
"Firth, Rachel"
"Fisher, Catherine"
"Fisher, Cathy"
"Fisher, Eilish"
"Fisher, Nick"
"Fisher, Tia"
"Fiske, Anna"
"Fisk, Nicholas"
"Fisk, Pauline"
"Fisscher, Tiny"
"Fitch, Matt"
"Fitzgerald, Bea"
"Fitzgerald, Brian"
"Fitzgerald, Cathy"
"Fitzgerald, F.Scott"
"Fitzpatrick, Marie-Louise"
"Flack, Sophie"
"Flamingo, Ieva"
"Flanagan, Liz"
"Fleischman, Paul"
"Fleming, Fergus"
"Fleming, Ian"
"Fleming, Lucy"
"Fletcher, Susan"
"Fletcher, Tom"
"Flett, Julie"
"Flint, Gillian"
"Flintham, Thomas"
"Flint, Katy"
"Flint, Shamini"
"Flom, Jason"
"Flowers, Rob"
"Floyd, Jasmine"
"Flynn, Adrian"
"Flynn, Johnny"
"Foday, Nyanda"
"Foer, Joshua"
"Foges, Clare"
"Fogliano, Julie"
"Foley, Christian"
"Foley, Michael"
"Foot, Paul"
"Foran, Caroline"
"Forde, Patrica"
"Forde, Patricia"
"Ford, Martin"
"Ford, Michael"
"Foreman, Michael"
"Forest, Kristina"
"Forman, Gayle"
"Forna, Namina"
"Forsberg, Monika"
"Forshaw, Andy"
"Forshaw, Louise"
"Forster, E.M."
"Forster, Sara"
"Forster, Sarah"
"Forsyth, Mark"
"Fortune, Emil"
"Foster, Jane"
"Foster, Stewart"
"Foulkes, Alex"
"Fountain, Ele"
"Fowke, Robert"
"Fowler, Aisling"
"Fowler, Gemma"
"Fowles, Stacey.May"
"Foxfield, Kathryn"
"Fox, James"
"Fox, Mem"
"Fox., Simon"
"Foxwood, Rowan"
"Fraillon, Zana"
"Frances, Lise"
"Francis, John"
"Francis, Kate"
"Francis, Sagma"
"Francis, Sangma"
"Franck, Ed"
"Franco, Paula"
"Frang, Anders"
"Frank, Anne"
"Franklin, Madeline.Claire"
"Fraser, Lu"
"Frayn, Michael"
"Fredin, Donna"
"Freedland, Jonathan"
"Freedman, Claire"
"Freedman, Dan"
"Freegard, Lucy"
"Freeman, Don"
"Freeman, Maggie"
"Freeman, Megan.E"
"Freeman, Tor"
"French, Fiona"
"French, Jackie"
"French, Jess"
"French, Vivian"
"Frenna, Federica"
"Friel, Brian"
"Frith, Alex"
"Fromental, Jean-Luc"
"Frost, Adam"
"Frost, Robert"
"Fryer, Peter"
"Fukuyama, Ryoko"
"Fullman, Joe"
"Fulton, Julie"
"Fulton, Kristen"
"Funder, Anna"
"Funke, Cornelia"
"Furneaux, Ky"
"Furniss, Clare"
"Furudate, Haruichi"
"Furze, Colin"
"Fuzz, Dr"
"Gaiman, Neil"
"Gales, S.A"
"Gallagher, Patrick"
"Gall, David"
"Galleymore, Isabel"
"Galligan, Gale"
"Gallion, Sue.Lowell"
"Gallmann, Kuki"
"Galvin, Lindsay"
"Gamboa, Jaime"
"Ganeri, Anita"
"Ganeshananthan, V.V."
"Garber, Romina"
"Garcia, Kami"
"Gardner, Brian"
"Gardner, Lyn"
"Gardner, Sally"
"Gardy, Jennifer"
"Garfield, Leon"
"GargulÃ¡kovÃ¡, Magda"
"Garner, Alan"
"Garrard, Nicola"
"Garrod, Ben"
"Garza, Cynthia.Leonor"
"Gaskell, Elizabeth"
"Gathercole, Peter"
Gattaldo
"Gaudiamo, Reda"
"Gauld, Tom"
"Gavin, Jamila"
"Gavin, Rohan"
"Gaya, Ester"
"Gayford, Martin"
"Gayton, Sam"
"Gear, Tarah.L"
"Gee, Henry"
"Gehrmann, Katja"
"Gemin, G.R"
"George, Josie"
"George, Kallie"
"George, Karen"
"Geras, Adele"
"Gerlach, Oliver"
"Geron, Eric"
"Gerstein, Mordicai"
"Gerzina, Gretchen"
"Getten, Kereen"
"Geyer, Kim"
"GÃ¡g, Wanda"
"Ghouri, Tasha"
"Giang, Hoang"
"Gibbons, Alan"
"Gibbons, Francesca"
"Gibbons, Stella"
"Gibbs, Stuart"
"Gibson, David"
"Gibson, Naomi"
"Gifford, Clive"
"Gilbert, Frances"
"Gilberti, Fausto"
"Gilbey, Henry"
"Gildersleeve, Owen"
"Gillham, Geoff"
"Gillion, Janine"
"Gill, Olivia.Lomenech"
"Gilmore, Sophie"
"Gilroy, Beryl"
"Gino, Alex"
"Giordana, Lauren"
"Giordano, Philip"
"Giudici, Amelia"
"Gladwin, Laura"
"Glasgow, Kathleen"
"Glatt, Jana"
"Gleitzman, Morris"
"Gliori, Debi"
"Glynn, Connie"
"Glynn, Dylan"
"Godden, Rumer"
"Godfrey, Sean"
"Godollei, Ruthann"
"Goes, Peter"
"Golabek, Mona"
"Goldhagen, Daniel"
"Gold, Hannah"
"Goldie, Luan"
"Golding, Julia"
"Golding, William"
"Goldsmith, Amy"
"Goldsmith, Oliver"
"Goldstyn, Jacques"
"Gomez, Erica"
"Gonzalez, Christina.Diaz"
"GonzÃ¡lez, Noelia"
"Goodall, Anna"
"Goodfellow, Matt"
"Goodhand, James"
"Goodhart, Pippa"
"Gooding, Louise"
"Goodin, Tanya"
"Goodwin, Vincent"
"Goose, Roy"
"Gordon, Brian"
"Goscinny, Rene"
"Gosling, Livi"
"Gotouge, Koyoharu"
"Gough, Julian"
"Goulson, Dave"
"Gourlay, Candy"
"Govett, Sarah"
"Gow, Robin"
"Gozansky, Shana"
"Grace, Adalyn"
"Graham, Bob"
"Grahame, Kenneth"
"Graham, Winston"
"Grammar, MC"
"Grange, Charlotte"
"GranstrÃ¶m, Brita"
"Gransworth, Eric"
"Grant, David"
"Grant, Michael"
"Graves, Robert"
"Gravett, Christopher"
"Gravett, Emily"
"Gray, Annelise"
"Gray, Keith"
"Gray, Kes"
"Gray, Louise"
"Gray, Nigel"
"Gray, R.M."
"Greaves, Simon"
"Greder, Armin"
"Green, Alison"
"Green, Bernadette"
"Green, Dan"
"Greene, Graham"
"Green, Emma"
"Greenfield, Robin"
"Green, Graham"
"Green, Jen"
"Green, John"
"Green, John.Patrick"
"Green, Julia"
"Greenlaw, Rachel"
"Green, Rebecca"
"Green, Roger.Lancelyn"
"Green, Simon.James"
"Green, T.J"
"Gregg, Stacy"
"Gregory, Philippa"
"Grehan, Meg"
"Greig, Louise"
"Greig, Louse"
"Grenville, Kate"
"Gresham-Knight, Xanthe"
"Grey, Mini"
"Griffin, Rachel"
"Griffiths, Alex"
"Griffiths, Andy"
"Grill, William"
"Grimm, Brothers"
"Grochowicz, Joanna"
"Grossman, David"
"Grosz, Stephen"
"Grulke, Wolfgang"
"Grylls, Bear"
"Guanzon, Thea"
"Guarda, Maria.J"
"Guglielmo, Amy"
"Guillain, Charlotte"
"GuilloppÃ©, Antoine"
"Gulemetova, Maria"
"Gurney, Stella"
"Guron, Ravena"
"Guthrie, Laura"
"Gwinn, Saskia"
"Haake, Martin"
"Haddon, Mark"
"Haddow, Swapna"
"Hadithi, Mwenye"
"Hafiza, Radiya"
"Hafner, Carla"
"Haggard, H.Rider"
"Haggarty, Ben"
"Hagger-Holt, Sarah"
"Hahn, Mary.Downing"
"Haidt, Jonathan"
"Haig, David"
"Haig, Joan"
"Haig, Matt"
"Haig, Rudi"
"Haine, Rosie"
"Hajek, Olaf"
"Halahmy, Miriam"
"Hale, Dean"
"Hale, Kate"
"Hale, Kathleen"
"Hallett, Janice"
"Halliday, Fiona"
"Halliday, Nicholas"
"Halliday, Thomas"
"Halligan, Katherine"
"Hall, Kirsten"
"Hall, Rose"
"Halls, Smriti"
"Halpin, Samuel.J"
"Ham, Anthony"
"Hamid, Mohsin"
"Hamilton, Alwyn"
"Hamilton, Amber"
"Hamilton, Max"
"Hammond, Alison"
"Hammond, Jamie"
"Hammonds, Christina"
"Hanaor, Ziggy"
"Hancocks, Helen"
"Hand, Cynthia"
"Handford, Martin"
"Handicott, Ben"
"Haney, Johanna"
"Han, Jenny"
"Hankinson, Kim"
"Hannigan, Jess"
"Hansberry, Lorraine"
"Hanson, David"
"Hanson, Faye"
"Harbour, Vanessa"
"Harcourt, Isabella"
"Hardinge, Frances"
"Harding, Thomas"
"Hardy, Cameron"
"Hardy, Thomas"
"Hardy, Vashti"
"Hare, David"
"Harfleet, Paul"
"Harford, Tim"
"Hargrave, Kiran.Millwood"
"Hargreaves, Adam"
"Hargreaves, Joan-Maree"
"Hargreaves, Roger"
"Harlow, Clare"
"Harman, Alice"
"Harmer, David"
"Harmer, Joyce.Efia"
"Harper, Mireille"
"Harrell, Rob"
"Harrington, C.C."
"Harriott, Catherine"
"Harris, Kamala"
"Harris, Molly"
"Harrison, Melissa"
"Harrison, Michelle"
"Harrison, Nat"
"Harrison, Sarah"
"Harrison, Tasha"
"Harrison, Tony"
"Harrison, Vashti"
"Harris, Robie"
"Harris, Shawn"
"Harrisson, Christopher"
"Harris, Tim"
"Harrold, A.F"
"Harry, Pip"
"Hartas, Freya"
"Hart, Caryl"
"Hart, Fran"
"Hartland, Jessie"
"Hartley, A.J"
"Hartley, Ned"
"Hartman, Renee"
"Hartnett, Sonya"
"Hart, Owen"
"Harvey, Derek"
"Harvey, Helen"
"HasenjÃ¤ger, Maren"
"Haslam, C.J"
"Hassan, Maryam"
"Hatke, Ben"
"Hatori, Bisco"
"Hatzopoulou, Kika"
"Haughton, Chris"
"Hauser, Emily"
"Hawker, Luke.Adam"
"Hawk, Goldie"
"Hawking, Lucy"
"Hawking, Stephen"
"Hawkins, Emily"
"Hawkins, Finbar"
"Hawk, Shane"
"Haworth-Booth, Alice"
"Haworth-Booth, Emily"
"Haworth, Katie"
"Hawthorne, Lara"
"Hawthorne, Nathaniel"
"Hawthorn, Libby"
"Hawthorn, Scott"
"Hayat, Janeen"
"Hayes, Larry"
"Hayes, Susan"
"Haynes, Clarence.A"
"Heaney, Seamus"
"Heape, Harry"
"Heapy, Teresa"
"Heathfield, Lisa"
"Hedderwick, Mairi"
"Hegarty, Patricia"
"Hegarty, Shane"
"Hegedus, Bethany"
"Hegley, John"
"Heimberg, Justin"
"Heinrich, Sally"
"Heir, Sylvia"
"Helbrough, Emma"
"Heller, Jospeh"
"Hemingway, Ernest"
"Hemmingway, Ernest"
"Henderson, Alexis"
"Henderson, Barbara"
"Hendra, Sue"
"Hendrix, Isi"
"Hendrix, John"
"Hendry, Diana"
"Henkes, Kevin"
"Hennessy, Tanya"
"Henn, Sophy"
"Henrichs, Marjoke"
"Henson, Adam"
"Hepburn, Judy"
"Hepplewhite, Peter"
"Hepworth, Amelia"
"Herbert, Frank"
"Herbert, Kari"
Herge
"Heritage, Stuart"
"Hernando, Esther"
"Hersey, Lu"
"Hesse, Karen"
"Hest, Amy"
"HÃ¶glund, Anna"
"Hibbert, Clare"
"Hickes, Phil"
"Hickey, Katie"
"Hicks, Faith.Erin"
"Hicks, Josh"
"Hickson-Lovence, Ashley"
"Higashida, Naoki"
"Higgins, Charlotte"
"Higson, Charlie"
"Higuera, Donna.Barba"
"Hill, David"
"Hiller, Colette"
"Hill, Eric"
"Hill, Louis"
"Hill, Susan"
"Hill, Will"
"Hinds, Emma"
"Hinds, Gareth"
"Hines, Barry"
"Hinton, S.E"
"Hirst, Daisy"
"Hislop, Ian"
"Hissey, Jane"
"Hitchcock, Bonnie-Sue"
"Hitchcock, Fleur"
"Hoare, Ben"
"Hoban, Russell"
"Hocking, Deborah"
"Hockney, David"
"Hodgkinson, Leigh"
"Hodgson, Frances"
"Hodson, Matthew"
"Hoefler, Kate"
"Hoffman, Mary"
"Hoffman, Wakanyi"
"Hofmeyr, Dianne"
"Hofstetter, Steve"
"Hogan, Bex"
"Hoghton, Anna"
"Hogtun, Stephen"
"Ho, Joanna"
"Holding, Sarah"
"Holland, James"
"Holland, Michael"
"Holland, Sara"
"Holleville, Elizabeth"
"Holly, Serena"
"Holm, Anne"
"Holzwarth, Devon"
"Holzwarth, Werner"
"Homoki, Judith"
"Hood, Morag"
"Hood, Susan"
"Hooper, Meredith"
"Hoose, Hannah"
"Hoose, Phillip"
"Hoover, Colleen"
"Hope, Anna"
"Hope, Jake"
"Hope, Olivia"
"Hopgood, Tim"
"Hopkins, Megan"
"Horacek, Petr"
"Horeis, Chantal"
"Horne, Alex"
"Horne, Sarah"
"Horowitz, Anthony"
"Horowitz, Ruth"
"Horse, Harry"
"Hoskins, Hayley"
"Hoskins, Neal"
"Hosoda, Mamoru"
"Hosseini, Khaled"
"Hotta, Yumi"
"Hottier, Shirley"
"Hourican, Emily"
"Howard, Jules"
"Howard, Martin"
"Howard, Paul"
"Howarth, Emily"
"Howe, Harriet"
"Howell, A.M"
"Howell, Izzi"
"Howell, Jenni"
"Howes, Katey"
"Howley, Jonty"
"Ho-Yen, Polly"
"Hoyle, Tom"
"Huang, Eric"
"Huang, Nellie"
"Hubbard, Ben"
"Hubbard, Shelagh"
"Hub, Ulrich"
"Huddleston, Tom"
"Huddy, Delia"
"Hughes, Catherine"
"Hughes, David"
"Hughes, Hollie"
"Hughes, Jonnie"
"Hughes, Laura"
"Hughes, Shirley"
"Hughes, Ted"
"Hughes, Will"
"Hull, Sarah"
"Hulme, Jay"
"Hulme, Keri"
"Humphrey, Paul"
"Humphreys, Alastair"
"Hunter, Eirlys"
"Hunter, Erin"
"Hunter, Nick"
"Hunter, Norman"
"Hunt, Helena"
"Hunt, Matt"
"Huq, Konnie"
"Hussain, A.S"
"Hussain, Iqbal"
"Hussain, Nadiya"
"Hussey, William"
"Husted, Ursula.Murray"
"Hutchinson, Sam"
"Hutchins, Pat"
"Huxley, Aldous"
"Huxley-Jones, Lizzie"
"Hyder, Liz"
"Hyndman, Kerry"
"Hyo-eun, Kim"
"Ian, Paul"
"Ibbotson, Eva"
"Ibbotson, Toby"
"Ibsen, Henrik"
"Ifueko, Jordan"
"Ighamre, Odiri"
"Ikemoto, Mikio"
"Ilic, Nikolas"
"Ilustrajo, Mariajo"
"Imamovic, Mirna"
"Impey, Martin"
"Inagaki, Riichiro"
"Ingham, Charlotte"
"Inglis, Karen"
"Ingman, Bruce"
"Inkpen, Chloe"
"Inkpen, Mick"
"Innes, Hammond"
"International, Amnesty"
"Ipcar, Dahlov"
"Iqbal, Anam"
"Iqbal, Shagufta.K"
"Ireland, Jenny"
"Ireland, Vicky"
"Iribarren, Karmelo.C"
"Ironside, Virginia"
"Irving, Washington"
"Isaac, Dawn"
"Isayama, Hajime"
"Isdahl, Nansubuga.Nagadya"
"Isherwood, Christopher"
"Ishiguro, Kazuo"
"Islam, Farhana"
"Ismail, Yasmeen"
"Issa, Hanan"
"Ito, Hiroshi"
"Iturbe, Antonio"
"Ivanier, Federcio"
"Iwasa, Megumi"
"Iwu, Onyinye"
"Jackman, Jack"
"Jackson, Ashley"
"Jackson, Holly"
"Jackson, Libby"
"Jackson, Mick"
"Jackson, Sharna"
"Jackson, Shirley"
"Jackson, Tiffany.D"
"Jackson, Tom"
"Jacob, Catherine"
"Jacobsen, Annie"
"Jacobs, Robin"
"Jacoby, Jenny"
"Jae, Nadia"
"Jahnz, Elly"
"Jaigirdar, Adiba"
"James, Alice"
"James, Anna"
"James, Daf"
"James, Greg"
"James, Henry"
"James, Karl"
"James, Lauren"
"James-Mackey, Tess"
"James, M.R"
"James, P.D."
"James, Simon"
"James, Wren"
"Jamieson, Victoria"
"Janmohamed, Shelina"
"Jardine, Lis"
"Jarman, Julia"
Jarvis
"Jawando, Danielle"
"Jeffers, Oliver"
"Jeffers, Susan"
"Jeffery, Chris"
"Jeffrey, Gary"
"Jeffs, Amy"
"Jenai, Markia"
"Jenkins, Steve"
"Jenner, Elizabeth"
"Jenner, Greg"
"Jennings, Amanda"
"Jennings, Andrew"
"Jennings, Coleman.A"
"Jennings, Jill"
"Jennings, Katie"
"Jennings, Paul"
"Jensen, Asli"
"Jeong, Lena"
"Jeram, Anita"
"Jessen, Lauren.Kung"
"Jewitt, Kathryn"
"JÃ¤gerskiÃ¶ld, Leonard"
"Jianling, Yin"
"Jiatong, Chen"
"Jinks, Dale"
"Joe, Rita"
"John, Jory"
"Johnson, Amy"
"Johnson, Catherine"
"Johnson, Crockett"
"Johnson, Daisy.May"
"Johnson, Maureen"
"Johnson, Mitch"
"Johnson, Pete"
"Johnson, Richard"
"Johnson, Ryan"
"Johnston, Truly"
"Jolivet, Joelle"
"Jolley, Dan"
"Jonas, Anne"
"Jonasson, Jonas"
"Jones, Andy"
"Jones, Diana.Wynne"
"Jones, Emilie.Lauren"
"Jones, Emily"
"Jones, Gareth"
"Jones, Huw.Lewis"
"Jones, Mark"
"Jones, Pip"
"Jones, Richard"
"Jones, Rob"
"Jones, Rob.Lloyd"
"Jones, Stella.J"
"Jones, Terry"
"Jones, Tobias"
"Jonsberg, Barry"
"Jordan, Amie"
"Jordan, Tim"
"Jorge, JosÃ©"
"Joseph, India"
"Joseph, Paterson"
"Jo, Sophie"
"Joubert, Beverly"
"Joy, Aunty"
"Joyce, Alan"
"Jozefkowicz, Ewa"
"June, Jason"
"June, Rebecca"
"Jungman, Ann"
"Jurevicius, Nathan"
"Juster, Norton"
"Kaaberbol, Lene"
"Kafka, Franz"
"Kalb, Bess"
"Kalda, Sam"
"Kamakawiwoole, Elisabeth"
"Kamkwamba, William"
"Kanata, Konami"
"Kanavaliuk, Anastasiya"
"Kane, John"
"Kapff, Emily"
"Karadog, Aneirin"
"Karsten, Guilherme"
"Karst, Patrice"
"Karunatilaka, Shehan"
"Kasdan, Mallory"
"Kasperowicz, Ella"
"Kastner, Erich"
"Katauskas, Fiona"
"Kato, Kazue"
"Katouh, Zoulfa"
"Kaufman, Amie"
"Kaur, Baljinder"
"Kavvadias, Philip"
"Kay, Adam"
"Kay, James"
"Kay, Sarah"
"Kean, Sam"
"Kear, Katie"
"Keating, Jess"
"Keats, Ezra.Jack"
"Keats, Sharada"
"Keefe, Patrick"
"Keen, Teddy"
"Keilty, Derek"
"Kelk, Lindsey"
"Kelly, John"
"Kelly, Tracey"
"Kelman, Stephen"
"Kemmerer, Brigid"
"Kemp, Anna"
"Kemp, Gene"
"Keneally, Thomas"
"Kennedy, Kara.A"
"Kennedy, Raven"
"Kennedy, Sam"
"Kennington, Alexandra"
"Kenny, Mike"
"Kenny, PÃ¡draig"
"Kent, Gabrielle"
"Kent, Nicola"
"Kerbey, Laura"
"Kerouac, Jack"
"Kerouli, Katerina"
"Kerrigan, Juliet"
"Kerr, Judith"
"Kershaw, Dr.Stephen.P"
"Kerss, Tom"
"Kesey, Ken"
"Kessel, Anthony"
"Kessler, Liz"
"Kettle, K.L"
"Keyes, Daniel"
"Khalilieh, Jackie"
"Khanani, Intisar"
"Khan, Hiba.Noor"
"Kharabanda, Shefali"
"Khatkevich, Alla"
"Khoo, Rachel.Chivers"
"Kibuishi, Kazu"
"Kiely, Brendan"
"Killburn, P.J"
"Killen, Nicola"
"Killian, Alex"
"Killick, Jennifer"
"Kim, Aram"
"Kim, Graci"
"Kim, Hye-Eun"
"Kim, Patti"
"Kim, Uijung"
"Kimura, Tomo"
"King, Ashley"
"King-Chai, Sharon"
"King, Chris"
"King, Clive"
"King, Daniel"
"King, Jonathan"
"King, Rachael"
"Kingsley, Jessica"
"King-Smith, Dick"
"King, Stephen"
"Kinnear, Rory"
"Kinney, Jeff"
"Kirby, Katie"
"Kirk, George"
"Kirtley, Sophie"
"Kishimoto, Masashi"
"Kisner, Logan-Ashley"
"Kitamura, Satoshi"
"Kitze, Carrie.A"
"Kiyoko, Hayley"
"K, Jerome"
"Klassen, Jon"
"Klein, Naomi"
"Klepeis, Alicia"
"Klinge, Ayse"
"Kloss, Victor"
"Knapman, Timothy"
"Knapp, Kate"
"Knight, Eva"
"Knight, Richard"
"Knight, Tom"
"KÃ¶nnecke, Hans"
"KÃ¶nnecke, Ole"
"Knowlden, Michelle"
"Knowles, John"
"Knox, Xena"
"Kodachi, Ukyo"
"Koehler, Phoebe"
"Kogan, Deborah"
"Kolsch, Freddie"
"Komar, Debra"
"Konishi, Noriyuki"
"Kooser, Ted"
"Kordic, Dragan"
"Kotb, Hoda"
"Kothari, Dev"
"Kovalik, Dan"
"Kovecses, Anna"
"Kraan, Erin"
"Krakauer, Jon"
"Kramer, Jackie.AzÃºa"
"Kranz, Linda"
"Krebs, Laurie"
"Krensky, Stephen"
"Krestovnikoff, Miranda"
"Kriek, Erik"
"Kroll, Virginia"
"Kroon, Oskar"
"Krug, Nora"
"Krull, Kathleen"
"Krusynski, Elliot"
"Krysa, Danielle"
"Kubler, Anne"
"Kuenzler, Lou"
"Kuestenmacher, Simon"
"Kugblenu, Athena"
"Kuhl, Anke"
"Kui, Ryoko"
"Kumagai, Clara"
"Kuo, Fifi"
"Kuo, Julia"
"Kurian, Nomisha"
"Kurimoto, Kengo"
"Kurlansky, Mark"
"Kurman, Hollis"
"Kurtagich, Dawn"
"Kurti, Richard"
"Kusaka, Hidenori"
"Kuzki, Shaw"
"Kwei-Armah, Kwame"
"Kyi, Tanya.Lloyd"
"Lacey, Jane"
"Lacey, Josh"
"Lacey, Tom"
"Lacruz, Gabriela.Romero"
"Laden, Nina"
"Laferton, Carl"
"Lafrance, Marie"
"Laguna, Sofie"
"Lahiri, Jhumpa"
"Laird, Elizabeth"
"Lake, Nick"
"Lalji, Shireen"
"Lambert, Jonny"
"Lambert, Richard"
"Lamb, Simon"
"Lamb, Susan"
"Lam, Kinchoi"
"Lammy, David"
"Lamothe, Matt"
"Lancet-Grant, Jodie"
"Landman, Tanya"
"Landy, Derek"
"Langford, Sarah"
"Langley, Andrew"
"Langley-Swain, Samuel"
"Lansdowne, Greg"
"Lantos, Peter"
"Lapointe, StÃ©phanie"
"Larkin, Philip"
"Larn, Richard"
"Larochelle, Samuel"
"Larsen, Andrew"
"Larsen, Nella"
"Larson, Hope"
"Larwood, Kieran"
"Lasky, Kathryn"
"Latimer, Alex"
"Latimer, Mariam"
"Lauder, Scott"
"Lauren, Ruth"
"Lavellee, Jennifer"
"Lavelle, Kari"
"Law, Jessica"
"Lawrence, Caroline"
"Lawrence, D.H."
"Lawrence, Iszi"
"Lawrence, Louise"
"Lawrence, Michael"
"Lawrence, Patrice"
"Lawson, JonArno"
"Lawston, Rachel"
"Layton, Neal"
"Lazar, M.K"
"Leach, Gary"
"Leach, Michael"
"Leaf, Munro"
"Leake, Kate"
"Lear, Edward"
"Leathley, Philippa"
"Lebrun, Maxime"
"leCarre, John"
"Lee, Britney.Winn"
"Lee, C.B."
"Lee, Hannah"
"Lee, Harper"
"Lee, Jamie"
"Lee, Lara"
"Lee, Laurie"
"Lees, Jordan"
"Lee, Suzy"
"Le.Guin, Ursula.K"
"Lehman, Barbara"
"Lehmann, Anita"
"Leitner, Inbal"
"Le, Minh"
"Lemon, Peta"
"L'Engle, Madeleine"
"Leng, Qin"
"LeNguyen, Trung"
"Lenkiewicz, Isaac"
"Lennon, Joan"
"Lenton, Steven"
"Leonard, M.G"
"Lerner, Jarrett"
"Leroy, Violaine"
"Lerwill, Ben"
"Lessac, Frane"
"Lessing, Doris"
"Lessore, Nathanael"
"Lester, Alison"
"Lester, Cas"
"Lester, Jem"
"Lethbridge, Lucy"
"Letherland, Lucy"
"Leunens, Christine"
"Levene, Rebecca"
"Levenson, Eleanor"
"Levey, Emma"
"Levez, Olivia"
"Levi, Primo"
"Levison, Brian"
"Levithan, David"
"Levy, Andrea"
"Lewis, Alun"
"Lewis, Caryl"
"Lewis, C.M"
"Lewis, C.S"
"Lewis, Gill"
"Lewis, James.Weston"
"Lewis, Kayvion"
"Lewis-Oakes, Rebecca"
"Lewis-Stempel, John"
"Le, Xuan"
"Leyson, Leon"
"LÃ¼ftner, Kai"
"Li, Amanda"
"Libenson, Terri"
"Life, The.School.of"
"Lightfoot, Kiri"
"Lihoreau, Tim"
"Lillington, Joe"
"Li, Maggie"
"Lime, Attie"
"LimÃ³n, Ada"
"Lincoln, Beth"
"Lindgren, Astrid"
"Lindley, Jo"
"Lindo, David"
"Lindqvist, John.Ajvide"
"Lindsay, Ashling"
"Lindsay, Joan"
"Lindsay, Owen"
"Lindstroem, Eva"
"Lingard, Joan"
"Lin, Grace"
"Lingren, Barbro"
"Linnet, Paul"
"Linton, GM"
"Linton, Marisa"
"Lippett, Sarah"
"Lipscombe, Helen"
"Li, Scarlett"
"Lish, Mikki"
"Litchfield, David"
"Litten, Kristyna"
"Littler, Jamie"
"Littlewood, Joan"
"Littlewood, Karin"
"Lively, Penelope"
"Llenas, Anna"
"Lloyd, Cariad"
"Lloyd, Christopher"
"Lloyd-Hughes, Flo"
"Lloydson, William"
"Lloyd, Susannah"
"Locke, Attica"
"Lockhart, E."
"Lock, Jon"
"Logan, Jason"
"Lo, Malinda"
"Lomas, Laura"
"Lomax, Dean"
"London, Jack"
"Lonergan, Nene"
"Long, Daniel"
"Long, David"
"Long, Fran"
"Long, Matty"
"Long, Michael.G"
"Longstaff, Abie"
"Long, Sylvia"
"Loon, Paul.van"
"Lopez, Alex"
"Lord, Emery"
"Lord, John.Vernon"
"Lord, Leonie"
"Lord, Petra"
"Lore, Pittacus"
"Loser, Barry"
"Loske, Judith"
"Louis, Robert"
"Love, Damien"
"Love, Jessica"
"Love, Mike"
"Lowery, Linda"
"Lowry, Lois"
"Lozano, AndrÃ©s"
"Lucas, Diane"
"Lucido, Aimee"
"Lucy, Natalie"
"Ludwig, Trudy"
"Lueddecke, Lisa"
"Luen.Yang, Gene"
"Lui, Julia"
"Lukens, F.T"
"Lu, Marie"
"Lumbers, Fiona"
"Lundberg, Sara"
"Lupo, Kesia"
"Lutes, Jason"
"Lu, Thea"
"Luurtsema, Nat"
"Lyle, Jennifer"
"Lyndon-Cohen, Dan"
"Lynn, Bei"
"Lyttleton, Ben"
"Maas, Sarah.J"
"Mabbitt, Will"
"Mabey, Claire"
"Macaulay, David"
"MacDonald, Alan"
"Macdonald, Fiona"
"Macfarlane, Robert"
"Mackay, Jack"
"Mackenzie, Bryher"
"Mackenzie, Malcolm"
"MacKenzie, Ross"
"Maclaine, James"
"Maclear, Kyo"
"Maclver, Juliette"
"MacPhail, Catherine"
"MacPhail, David"
"MacRae, Ross"
"Magerl, Caroline"
"Magorian, Michelle"
"Mahy, Margaret"
"Maia, Jake"
"Mai, Kristen"
"Mainwaring, Anna"
"Majewski, Marc"
"Makwana, Reena"
"Malee, Alison"
"Malerba, Giulia"
"Malik, Humera"
"Mallinder, Kate"
"Malm, Andreas"
"Mamet, David"
"Manceau, Edouard"
"Mandanna, Sangu"
"Mandela, Nelson"
"Mangan, Anita"
"Mangan, Stephen"
"Maniquiz, Raxenne"
"Maniscalco, Kerri"
"Manley, Ben"
"Manning, Charlotte"
"Manning, Mick"
"Manning, Rosemary"
"Mannion, Elena"
"Mann, Manjeet"
"Mann, Ollie"
"Manolessou, Katherina"
"Mantchev, Lisa"
"Mante, Priscilla"
"Mantle, Ben"
"Marchant, Luke"
"Marcus, Leonard.S"
"Maria, Erich"
"Mari, Christine"
"Marie, I.V"
"Marino, Andy"
"Marinov, Isabelle"
"MariÃ±o, Soledad.Romero"
"Markey, Charlotte"
"Marlowe, Christopher"
"Marlow, Jane"
"Marotta, Millie"
"Marquina, Caribay"
"Marquis, Krystal"
"Marr, Andrew"
"Marryat, Captain"
"Marsden, John"
"Marsden, Mariah"
"Marsden, Philip"
"Marshall, Dan"
"Marshall, Hannah"
"Marshall, Ian"
"Marshall, Kate.Alice"
"Marshall, Tim"
"Marshall, Yolanda.T"
"Marsh, Laura"
"Martin, Bill"
"Martineau, Susan"
"Martin, Francis"
"Martin, George.R.R"
"Martin, Jerome"
"Martin, Marc"
"Martin, Nicci"
"Martin, Noelle"
"Martin, Pedro"
"MartÃ­n, Leire"
"Marton, Eleonora"
"Martynoga, Ben"
"Marufu, Aneesa"
"Marx, Jonny"
"Marzo, Bridget"
"Masefield, John"
"Maskell, Hazel"
"Mason, Alexia"
"Mason, Allie"
"Mason, Conrad"
"Massey, Jane"
"Massini, Sarah"
"Masters, Alexander"
"Masurel, Claire"
"Matharu, Taran"
"Matheson, Cara"
"Matheson, Christie"
"Mathieu, Jennifer"
"Matsui, Yusei"
"Matsuoka, Mei"
"Matthews, Rupert"
"Matula, Christina"
"Matuluko, Busayo"
"Mault, Barry"
"Maurer, AnaÃ¯s"
"Maurey, Katty"
"Maxwell, Antonia"
"Maxwell, Gavin"
"Maycock, Sarah"
"May, Emi-Lou"
"Mayhew, James"
"May, Louisa"
"Maynard, Christopher"
"Mayo, Margaret"
"McAlister, Erica"
"McAllister, Angela"
"McArdle, Lily"
"McBratney, Sam"
"McCanna, Tim"
"McCann, Emma"
"McCarthy, Cormac"
"McCarthy, Steve"
"McCartney, Tania"
"McCaughrain, Kelly"
"McCaughrean, Geraldine"
"McClain, Dylan.Loeb"
"McClintick, Joanna"
"McCombie, Karen"
"McCormick, Patricia"
"McCurdy, Janelle"
"McDermid, Val"
"McDonald, Margaret"
"McDougall, Christopher"
"McDowall, Julie"
"McEwan, Ian"
"McGavin, George"
"McGeachin, Jess"
"McGilchrist, Sonya"
"McGough, Roger"
"McGowan, Anthony"
"McGregor, Anna"
"McGuckin, Isla"
"McGuiness, Eirinn"
"McGuiness, Jay"
"McInerney, Joanna"
"McIntyre, Sarah"
"McKain, Kelly"
"McKay, Hilary"
"McKee, David"
"McKenna, Skye"
"McKenzie, Sophie"
"McKinnon, Heidi"
"Mckinnon, Kate"
"McLachlan, Jenny"
"McLaren, Meg"
"McLaughlin, Eoin"
"McLaughlin, Tom"
"McLeod, Ella"
"McLeod, Myles"
"McManus, Karen.M"
"McMillan, Shirley.Anne"
"McMurray, Patrick"
"McNab, Andy"
"McNaughton, Colin"
"McNee, Ian"
"McNeil, Gretchen"
"McNicoll, Elle"
"McPhail, David"
"McPickle, Nic"
"McQuiston, Casey"
"McRobert, Lucy"
"McSwiggan, Calum"
"Mead, Lisa"
"Meadows, Daisy"
"Meddings, Lize"
"Medina, Nico"
"Medina, Tony"
"Mei, Charlotte"
"Meikle, Fidan"
"Melece, Anete"
"Melling, David"
"Melo, Bia"
"Melville, Elena.Arevalo"
"Melville, Herman"
"Mensah, Millie"
"Menton, Kel"
"Menzies, Jean"
"Menzies, Lucy"
"Merchant, Tamzin"
"Meres, Jonathan"
"Merrett, Sarah"
"Merritt, Kory"
"Merritt, Richard"
"Meserve, Jessica"
"Messner, Kate"
"Metzenthen, David"
"Metzger, Steve"
"Meyer, Marissa"
"Meyer, Stephenie"
"Meza, Erika"
"Mhasane, Ruchi"
"Mhlophe, Gcina"
"Mian, Zanib"
"Michael, Sean"
"Michel, Nicolas"
"Middleton, Thomas"
"Milbourne, Anna"
"Miles, Tony"
"Millard, Glenda"
"Millard, Will"
"Miller, Arthur"
"Miller, Ben"
"Miller, Walter.M.M"
"Milligan, Spike"
"Millington, Ruth"
"Millward, Gwen"
"Milne, A.A"
"Milner, Charlotte"
"Milner, Kate"
"Milosavljevich, Stefan"
"Milton, John"
"Milway, Alex"
"Minchin, Tim"
"Minhinnick, Robert"
"Minhos, Isabel"
"Mirtalipova, Dinara"
"Mistry, Poonam"
"Mitchell, David"
"Mitton, Tony"
"Miyakoshi, Akiko"
"Miyazaki, Hayao"
"Miyazawa, Kenji"
"Miyazono, Izumi"
"Mizielinska, Aleksandra"
"Mizielinski, Daniel"
"Mizuki, Shigeru"
"MÃ¼ller, Uschi"
"Moffatt, Hannah"
"Mohamed, Omar"
"Mohamud, Ayaan"
"Mole, Simon"
"Mones, Marc"
"Monks, Lydia"
"Monod-Gayraud, Agnes"
"Montejo, VÃ­ctor"
"Montgomery, L.M"
"Montgomery, Lucy.M"
"Montgomery, Ross"
"Montoya, Angela"
"Moody, Alexandra"
"Moon, Fabio"
"Moore, C.G"
"Moore, Clement.C.Y"
"Moore, Gareth"
"Moore, Jenny"
"Moore, Sandra"
"Morais, Nia"
"Mora, Maria.Ingrande"
"Morancy, Joalda"
"Moran, Kevin"
"Morgan, Angie"
"Morgan, Gaby"
"Morgan, Genevieve"
"Morgan, Jonathan"
"Morgan, Michaela"
"Morgan, Nicola"
"Morgan, Sally.Jane"
"Moriarty, Ros"
"Morino, Kikori"
"Morino, Megumi"
"Morishige, Takuma"
"Mori, Tamsin"
"Mori, Yoko"
"Morley, Jacqueline"
"Moroney, Morgan"
"Morosinotto, Davide"
"Morpurgo, Michael"
"Morrell, Sarah"
"Morris, Jackie"
"Morris, Jillian"
"Morris, Molly"
"Morrison, Toni"
"Morris, Peter"
"Morris, William"
"Morrow, Bethany.C"
"Mortimer, Helen"
"Morton, Stephie"
"MoscardÃ³, JÃºlia"
"Moseley, E.K"
"Moses, Brian"
"Moses, Oboh"
"Mosse, Kate"
"Moss, Helen"
"Moss, Lisa"
"Moss, Stephen"
"Moss, Tamara"
"Mo, Timothy"
"Mould, Chris"
"Moulder, Bob"
"Mucha, Laura"
"Muchamore, Robert"
"Mugford, Simon"
"Muhammad, Ibtihaj"
"Muhle, Joerg"
"Muhle, Jorg"
"Muldoon, Eilidh"
"Mulhern, Stephen"
"Mulholland, Marc"
"Mullenger, Ashley"
"Muller, Gerda"
"Muller, Karsten"
"Mulligan, Claire"
"Mulvany, Kate"
"Mumbray, Tom"
"Mumford, Martha"
"Muncaster, Harriet"
"Muncaster, Katherine"
"MuÃ±oz, Lauren"
"Murata, Yusuke"
"Murphy, Adam"
"Murphy, Al"
"Murphy, Brogen"
"Murphy, Cynthia"
"Murphy, Jill"
"Murphy, Julie"
"Murphy, Macken"
"Murphy, Mary"
"Murray, Fiona"
"Murray, John"
"Murray, Lily"
"Murray, Struan"
"Musariri, Blessing"
"Museum, British"
"Mushin, Steve"
"Myers, Peter"
"MÏ‹hle, JÃ¶rg"
"Nabi, Zohra"
"Nabokov, Vladimir"
"Nadin, Joanna"
"Nadkarni, Nalini"
"Nadler, Steven"
"Nafousi, Roxie"
Nagabe
"Nagel, Thomas"
"Naghdi, Yasmine"
"Naidoo, Beverley"
"Nargi, Lela"
"Narika, Rassi"
"Nash, Eryl"
"Nason, Riel"
"Nathan, L.M"
"Naughton, Sarah"
"Nava, Eva.Wong"
"Nayeri, Daniel"
"Naylor-Ballesteros, Chris"
"Nazemian, Abdi"
"Neale, Zora"
"Negley, Keith"
"Nelson, Jandy"
"Nesbit, E"
"Ness, Patrick"
"Newberry, Jane"
"Newbery, Linda"
"Newland, Geff"
"Newman, Ben"
"Newman, LeslÃ©a"
"Newman, Nick"
"Newson, Karl"
"Newton, David"
"Ngai, Kelly"
"Nicholls, Sally"
"Nichols, De"
"Nichols, Sally"
"Nicol, James"
"Nicoll, Helen"
"Nicoll, Tom"
"Nielsen, Jennifer.A"
"Nielsen, Susin"
"Nieminen, Lotta"
"Nijkamp, Marieke"
"Nilsson, Frida"
"Nimmo, Jenny"
"Nix, Garth"
"Noakes, Laura"
"Noble, Michael"
"Noel, Jack"
"Nolan, Alan"
"Nolan, Kate"
"Nontshokweni, Sihle"
"Nordqvist, Sven"
"Norman, Marc"
"Norris, Alex"
"Norriss, Andrew"
"Norry, E.L"
"Northfield, Gary"
"North, Jacob"
"Northup, Solomon"
"Norton, Jeff"
"Norton, Mary"
"Norup, H.S"
"Nostlinger, Christine"
"Nottage, Lynn"
"Novak, Ali"
"Novesky, Amy"
"Nowlin, Laura"
"Noyce, Philip"
"Nunez, Jhonny"
"Nunn, Daniel"
"Nuovo, Avalon"
"Nuttall, Alice"
"Nwora, Christle"
"Nyong'o, Lupita"
"Oakley, Graham"
"Obama, Michelle"
"Obata, Takeshi"
"Obioma, Chigozie"
"O'Briain, Dara"
"O'Brien, Beth"
"Oâ€™Brien, Grainne"
"Oâ€™Brien, Louise"
"O'Brien, Robert"
"O'Connell, David"
"Oâ€™Connell, Joanne"
"Oâ€™Connor, Sebrina"
"Oda, Eiichiro"
"O'Dell, Scott"
"Oâ€™Donoghue, Caroline"
"O'Farrell, Maggie"
"O'Flynn, Catherine"
"Ogilvie, Sara"
"O'Guilin, Peadar"
"Oâ€™Hara, Natalia"
"Oâ€™Hart, Sinead"
"Oh, Axie"
"Ohba, Tsugumi"
"Okogwu, Tola"
"Okokon, Susan"
"Okorafor, Nnedi"
"Okparanta, Chinelo"
"Okubo, Jamilla"
"Oldfield, Matt"
"Oldfield, Pamela"
"Oldham, Matthew"
"Oldland, Nicholas"
"O'Leary, Dermot"
"Olesin, Kate"
"Oliveira, InÃªs.F"
"Oliver, Ben"
"Olman, Kyle"
"Olsberg, Karl"
"Olson, Jessica.S"
"Olusoga, David"
"Olusoga, Kemi"
"Olusoga, Yinka"
"Omar, Qais"
"Oâ€™Neill, Nicholas"
"O'Neill, Richard"
"Onishi, Satoru"
"Ono, Yoko"
"Onuzo, Chibundu"
"Oppel, Kenneth"
"Ordinola, Fatima"
"Orgill, Roxane"
"Orie, Rima"
"Ormerod, Paul"
"Orr, Wendy"
"Orton, Joe"
"Orton, Katharine"
"Ortu, Davide"
"Orwell, George"
"Orwin, Rebecca"
"Osakwe, Leah"
"Osband, Gillian"
"Osborne, Angelina"
"Oseman, Alice"
"Osman, Richard"
"O'Sullivan, ClÃ­odhna"
"Oswald, Pete"
"Otoshi, Kathryn"
"Ottaviani, Jim"
"Otter, Isabel"
"Ouimet, David"
"Owen, David"
"Owen, Loris"
"Owen, Morgan"
"Owens, Delia"
"Owoeye, Ronke"
"Oxenbury, Helen"
"Oxlade, Chris"
"Oyemakinde, Tomi"
"Oziewicz, Tina"
"Pacat, C.S."
"Packham, Simon"
Padmacandra
"Paeff, Colleen"
"Paganelli, Elisa"
"Painter, Lynn"
"Palacio, R.J"
"Palazzesi, Marta"
"Palmer, Luke"
"Palmer, Tom"
"Palomino, Juan"
"Pan, Emily"
"Pang, Hannah"
"Pankhurst, Kate"
"Panton, Gary"
"Paolini, Christopher"
"Parish, Theo"
"Parker, Mary"
"Parker-Rees, Guy"
"Parkin, Michael"
"Parkinson, Cheryl.Diane"
"Park, Soyoung"
"Parr, Lesley"
"Parr, Maria"
"Parr, Todd"
"Parsons, Garry"
"Partridge, Billy"
"Partridge, Elizabeth"
"Pascoe, Bruce"
"Passchier, Andy"
"Patel, Anjali"
"Patel, Nima"
"Patel-Sage, Krina"
"Patel, Serena"
"Patenaude, Eve"
"Paterson, Banjo"
"Paterson, Katherine"
"Pathmanathan, Sai"
"Patrick, Jonny"
"Patrick, Kat"
"Patten, Brian"
"Patterson, Deborah"
"Patterson, James"
"Patterson, Jason"
"Patterson, Rebecca"
"Patton, Julia"
"Paul, Korky"
"Paul, Miranda"
"Paulsen, Gary"
"Pausch, Randy"
"Paver, Michelle"
"Pavitte, Thomas"
"Pavlenko, Marie"
"Paxmann, Christine"
"Paxton, Jennifer.Z"
"Payne, Jawnie"
"Payne, Sophia"
"Peacock, Lou"
"Peak, Daniel"
"Peake, Mervyn"
"Pearce, Bryony"
"Pearce, Philippa"
"Pearlstein, Howard"
"Pearson, Jenny"
"Pearson, Luke"
"Pears, Tim"
"Peck, Hannah"
"Peet, Mal"
"Peirce, Lincoln"
"Penfold, Nicola"
"Pennypacker, Sara"
"Pentland, Louise"
"Pepper, Jack"
"Percival, Tom"
"Peretti, Paola"
"Peridot, Kate"
"Perkin, Jayde"
"Perkowitz, Sidney"
"Perrault, Charles"
"Perrin, ChloÃ«"
"Perrin, Clotilde"
"Perry, Philippa"
"Peter, Gareth"
"Peters, Helen"
"Pettie, Andrew"
"Pettit, Marilyn"
"Pett, Mark"
"Petty, Kate"
"Peyton, K.M"
"Pham, LeUyen"
"Phi, Bao"
"Philby, Charlotte"
"Philip, Claire"
"Philip, Simon"
"Phillips, Benjamin"
"Phillips, Charles"
"Phillips, John"
"Pia, Esther"
"Pichon, Liz"
"Pickard, Richard"
"PieÅ„kowski, Jan"
"Piercey, Rachel"
"Pike, Christopher"
"Pilcher, Rosamunde"
"Pilkey, Dav"
"Pillainayagam, Christine"
"Pinder, John"
"Pinfold, Levi"
"Pinkney, Jerry"
"Pinter, Harold"
"Pipe, Jim"
"Piper, Sophie"
"Pirotta, Saviour"
"Pitcher, Annabel"
"Pitcher, Caroline"
"Pitcher, Chelsea"
"Pitman, Gayle"
"Piumini, Roberto"
"Placey, Evan"
"Plath, Sylvia"
"Platt, Richard"
"Please, Mikey"
"Plocinska, Ola"
"Plummer, Rachel"
"Plunkett, Lucy"
"Pokwatka, Aimee"
"Poliquin, Rachel"
"Pollard, Clare"
"Pollero, Gianna"
"Pollock, Tom"
"Poole, Josephine"
"Popova, Maria"
"Popov, Nicolai"
"Popplewell, Jess"
"Poranek, A.B."
"Porter, Jane"
"Portis, Antoinette"
"Po, Terri"
"Potter, Beatrix"
"Potter, William"
"Pounder, SibÃ©al"
"Povey, Clare"
"Powars, Page"
"Powell, Claire"
"Powell-Tuck, Maudie"
"Power, Rory"
"Poynter, Dougie"
"Prabhat, Chaaya"
"Prabhat, Sandhya"
"Pradhan, Sneha"
"Pratchett, Terry"
"Pratt, Leonie"
"Prebble, Lucy"
"Prentice-Jones, Sam"
"Preston-Gannon, Frann"
"Preston, Natasha"
"Prevett, Finn"
"Price, Catherine"
"Price, Helen"
"Price, Tirzah"
"Price, Willard"
"Priestley, Chris"
"Priestley, J.B."
"Primmer, Alice"
"Prinja, Raman"
"Pritchett, Georgia"
"Pross, Heidi"
"Proysen, Alf"
"Pryce, Lois"
"Puckett, Gavin"
"Pullman, Philip"
"Purcell, Laura"
"Puri, Pooja"
"Purvis, Jonty"
"Putuma, Koleka"
"Pye, Ali"
"Pyron, Bobbie"
"Quang, PhÃ¹ng.NguyÃªn"
"Quarmby, Katharine"
"Quay, Emma"
"Quayle, Eric"
"Quek, Natelle"
"Quek, Sam"
"Quidt, Jeremy.de"
"Quincey-Jones, Steven"
"Quindlen, Kelly"
"Quintavalle, Paola"
"Quirke, Anna.Zoe"
"Qureshi, Aamna"
"Rabei, Carolina"
"Race, Holly"
"Racklyeft, Jess"
"Radcliffe, Ann"
"Radebe, Johannes"
"Radnedge, Keir"
"Rahim, Kristina"
"Rai, Bali"
"Rainbow, Anna"
"Raine, Nina"
"Rainey, Merrilll"
"Rajcak, HÃ©lÃ¨ne"
"Raju, Navya"
"Ralphs, Matt"
"Ramadier, CÃ©dric"
"Raman, Akshaya"
"Ramsden, Rob"
Ramzee
"Randall, Catherine"
"Randall-Jones, Emily"
"Ranganathan, Romesh"
"Rangeley, Iona"
"Ransome, Arthur"
"Rashford, Marcus"
"Raskin, Ellen"
"Rasoul, Sana"
"Ratanavanh, Seng.Soun"
"Raud, Piret"
"Rauf, Onjali"
"Rawlings, Marjorie"
"Rawlinson, Julia"
"Ray, Billy"
"Ray, Jane"
"Ray, Mary.Lyn"
"Raymond, Sally"
"Rayner, Catherine"
"Rayner, Shoo"
"Read, Benjamin"
"Read, Emma"
"Read, Kate"
"Reason, Miranda"
"Reay, Cathy"
"Rebanks, James"
"Reddy, Swapna"
"Redgrave, Naida"
"Reed, Nathan"
"Reekles, Beth"
"Rees, Celia"
"Reese, Jenn"
"Reeve, Philip"
"Reeve, Simon"
"Regas, Dean"
"Reichs, Brendan"
"Reid, Camilla"
"Reid, Christopher"
"Reid, Cory"
"Reid, Louisa"
"Reidy, Jean"
"Reilly, Catherine"
"Reimer, Louise"
"Reinhart, Matthew"
"Remington, Laurel"
"Renee, Sonya"
"Rennie, Susan"
"Reyes, Rizanino"
"Reyes, Sonora"
"Rey, H.A"
"Reyhani, S.A."
"Reynolds, Eddie"
"Reynolds, Jason"
"Reynolds, Justin"
"Reynolds, Peter.H"
"Rhodes, Jewell.Parker"
"Rhodes, Richard"
"Rhys, Jean"
"Riaz, Farrah"
"Ribay, Randy"
"Ricardo, Mat"
"Riccardo, Guasco"
"Richards, Mary"
"Richardson, Justin"
"Richardson, Lisa"
"Richardson, Michael.Lee"
"Richmond, Marianne"
"Riddell, Chris"
"Ridley, Philip"
"Ridley, Sarah"
"Riehecky, Janet"
"Rienks, Meghan"
"Rifaat, Laila"
"Riggs, Ransom"
"Riley, Lucinda"
"Riordan, Rick"
"Riphagen, Loes"
"Riskin, Dan"
"Risom, Ole"
"Rivers, Holly"
"Rix, Megan"
"Rizwan, Rakhshan"
"Robbins, Rose"
"Robert, Na'ima.B"
"Roberts, David"
"Roberts, Justin"
"Roberts, Lauren"
"Robertson, Carolyn"
"Robertson, Matt"
"Roberts, Ros"
"Roberts, Sarah"
"Robinson, Hilary"
"Robinson, Ian.Hayward"
"Robinson, Michelle"
"Robshaw, Brandon"
"Rocha, Lucas"
"Rogers, Becca"
"Rogers, Gregory"
"Rohan, Jason"
"Rohde, Marie"
"Rolfe, Kate"
"Romano.Young, Karen"
"Romero, R.M"
"Romero, Soledad"
"Rong, Yu"
"Rooke, Margaret"
"Rooney, Rachel"
"Roscoe, P.C"
"Rose, Helen"
"Rose, Jacob.Sam-La"
"Rose, Jess"
"Rose, J.P"
"Rosenblum, Cameron.Kelly"
"Rosen, L.C"
"Rosen, Michael"
"Roskifte, Kristin"
"Ros, Manon.Steffan"
"Rosoff, Meg"
"Ross, Alice.M"
"Ross, Andrew.J"
"Ross, Anna"
"Ross, David"
"Rossetti, Christina"
"Rossoff, Meg"
"Ross, Stewart"
"Ross, Tony"
"Rothery, Ben"
"Roth, Henry"
"Roth, Philip"
"Roth, Veronica"
"Rowe, Alan"
"Rowell, Rainbow"
"Rowe, Meridith.L"
"Rowling, J.K"
"Roy, Arundhati"
"Rubinkowski, Jessica"
"Ruffle, Mark"
"Ruiz, Marina"
"Rumble, Coral"
"Rumiz, Susanna"
"Rundell, Katherine"
"Rushdie, Salman"
"Rushmore, Jane"
"Rushworth, Alex"
"Russell, Ally"
"Russell, Rachel.RenÃ©e"
"Russell, Tony"
"Russo, Meredith"
"Rutherford, Geo"
"Rutstein, Ali"
"Rutter, Bethany"
"Rutter, Helen"
"Ryan, Chris"
"Ryan, Holly"
"Sabuda, Robert"
"Sachar, Louis"
"Sacks, Oliver"
"Saeed, Aisha"
"Saft, Allison"
"Sagan, Carl"
"Sage, Amara"
"Sahota, Katie"
"Said, S.F"
"Saigal, Monica"
"Saint-ExupÃ©ry, Antoine.de"
"Sakai, Komako"
"Sakaim, Komako"
"Sakisaka, Io"
"Salaam, Yusef"
"Salinger, J.D"
"Salisbury, Graham"
"Salisbury, Melinda"
"Salles, Dominic"
"Salter, Cassidy.Ellis"
"Salzberg, Barney"
"Sam, G.C."
"Sampson, Ana"
"Sampson, Laura"
"Samuels, Diane"
"Sancha, Sheila"
"Sanchez, Horacio"
"Sanchez, Jasper"
"Sandbrook, Dominic"
"Sanders, Ben"
"Sanders, Rob"
"Sandford, Blue"
"Sandford, Patrick"
"SandÃ¸y, Victoria"
"Sanghani, Radhika"
"Sanna, Francesca"
"Santat, Dan"
"Sarah, Linda"
"SardÃ , JÃºlia"
"Sasek, Miroslav"
"Sato, Keisuke"
"Satrapi, Marjane"
"Saunders, Kate"
"Saunders, Katie"
"Saunders, Rachael"
"Saunders, Sue"
"Saunders, Tim"
"Savage, Candace"
"Savage, Chloe"
"Saxby, Claire"
"Scarrow, Alex"
"Scarry, Richard"
"Schaap, Annet"
"Schauer, Loretta"
"Scheffler, Axel"
"Schmal, Cristobal"
"Schmidt, Gary.D"
"Schofield, Jo"
"Schuh, Mari"
"Schu, John"
"Schuster, Andreas"
"Schwab, Victoria"
"Schwartz, Dana"
"Schwarz, Viviane"
"Scieszka, Jon"
"Scott-Elliot, Robin"
"Scott, Fran"
"Scott, Gavin"
"Scott, Kate"
"Scott, Libby"
"Scott, Lizzie"
"Scudamore, James"
"Seaton, Lizzy"
"Sebold, Alice"
"Sedgman, Sam"
"Sedgwick, Julian"
"Sedgwick, Marcus"
"Seed, Andy"
"Sefton, Allan"
"Seigal, Joshua"
"Seki, Natsko"
"Selbert, Kathryn"
"Sellon, Carrie"
"Selvon, Sam"
"Selznick, Brian"
"Semple, Stuart"
"Sendak, Maurice"
"Seneviratne, Martin"
"Senior, Suzy"
"Sepetys, Ruta"
"Serraillier, Ian"
"Servant, StÃ©phane"
"Seuss, Dr"
"Sewell, Anna"
"Sewell, Matt"
"Shafak, Elif"
"Shaffer, Peter"
"Shaha, Alom"
"Shahade, Jennifer"
"Shah, Saira"
"Shah, Varsha"
"Shakespeare, William"
"Shaloshvili, Natalia"
"Shamsie, Kamila"
"Shan, Darren"
"Sharif, Omar"
"Sharpe, Tess"
"Sharpson, Neil"
"Sharratt, Nick"
"Shaw, James"
"Shearer, Wendy"
"Sheehy, Kate"
"Sheers, Owen"
"Sheibani, Jion"
"Sheikh, Yasmin"
"Shek, Marianna"
"Sheldon, Dyan"
"Shelley, Mary"
"Shen, Prudence"
"Shepherd, Andy"
"Shepherd, Megan"
"Sheppard, Alexandra"
"Sheridan, Nick"
"Sherrick, Ally"
"Sherriff, R.C."
"Sheth, Sheetal"
"Shetterly, Margot.Lee"
"Shevah, Emma"
"Shine, A.M"
"Shinohara, Kenta"
"Shioya, Hitoshi"
"Shi, Qian"
"Shirahama, Kamome"
"Shirai, Kaiu"
"Shireen, Nadia"
"Shtonda, Olga"
"Shukla, Nikesh"
"Shusterman, Jarrod"
"Shusterman, Neal"
"Shute, Nevil"
"Shuttlewood, Craig"
"Siggins, Gerard"
"Sigunsdotter, Kristina"
"Sildre, Joonas"
"Silvera, Adam"
"Silver, Josh"
"Silverstein, Shel"
"Silverston, Anthony"
"Silvester, Jacqueline"
"Silvey, Craig"
"Simler, Isabelle"
"Simmonds, J.L"
"Simmons, Anthea"
"Simmons-Hurn, Zak"
"Simmons, Jo"
"Simon, Francesca"
"Simpson, Darren"
"Simpson, Kate"
"Sims, Gill"
"Sims, Lesley"
"Sinclair, Upton"
"Singer, Nicky"
"Singh, Mamta"
"Singh, Monika"
"Singh, Rina"
"Singh, Simran.Diamond"
"Sinha, Sarthak"
"Siracusa, Joseph"
"Sirdeshpande, Rashmi"
"Sit, Lui"
"Sixsmith, Martin"
"Skalietska, Yeva"
"Skaug, Trygve"
"Skibinski, Michal"
"Skinner, Nicola"
"Slade, Suzanne"
"Slater, Alexander"
"Slater, Kim"
"Smallman, Steve"
"Small, Steve"
"Smart, Ciannon"
"Smart, Jamie"
"Smejkal, Kim"
"Smith, Alastair"
"Smith, Alexander.McCall"
"Smith, Alex.T"
"Smith, Andy"
"Smith, Ben"
"Smith, Bob"
"Smith, Briony.May"
"Smith, Craig"
"Smith-Dale, Nicky"
"Smith, Dan"
"Smith, Danna"
"Smith, Delia"
"Smith, Dodie"
"Smith, Eloise"
"Smith, Jim"
"Smith, Mike"
"Smith, Miranda"
"Smith, Nikkolas"
"Smith, Rod"
"Smith, Sara"
"Smith, Sasha.Peyton"
"Smith, Sherri.L"
"Smith, Sian"
"Smith, Simon"
"Smith, Sydney"
"Smith, Wilbur"
"Smith, Zadie"
"Smouha, C.K"
"Smucker, Shawn"
"Smy, Pam"
"Smyth, Ciara"
"Smythe, Richard"
"SÃ¡nchez, Carlos"
"Snicket, Lemony"
"Snider, Grant"
"Snipes, Kevin.Christopher"
"Snow, Alan"
"Snowden, Ellie"
"Snowden-Fine, Lily"
"Socha, Piotr"
"So, Cynthia"
"Sohn, Won-pyung"
"Soh, Sarah"
"Sokunbi, Adeola"
"Solomons, David"
"Solzhenitsyn, Aleksandr"
"Somaiah, Rosemarie"
"Somara, Shini"
"Somper, Justin"
"Sook, Kim.Hyun"
"Sorrell, Stephanie"
"Sorrel, O.R"
"Sosa, Daniela"
"Soto, Julie"
"Souders, Taryn"
"Souhami, Jessica"
"Soundar, Chitra"
"Soyinka, Wole"
"Spanyol, Jessica"
"Sparkes, Ali"
"Sparkes, Amy"
"Sparrow, Giles"
"Speering, Mark"
"Sperring, Mark"
"Spiegelman, Art"
"Spilsbury, Louise"
"Spray, Sally"
"Springer, Nancy"
"Spring, William"
"Spyri, Johanna"
"Squibb, Simon"
"Squires, David"
"Srinivasan, Divya"
"Ssega, Love"
"Stallworthy, Jon"
"Stamper, Phil"
"Stanford, Sara"
"Stanley, Sara"
"Stansbie, Stephanie"
"Stanton, Andy"
"Stark, Ulf"
"Starling, Robert"
"Stavaric, Michael"
"Stayte, James"
"Stead, Emily"
"Steadman, AF"
"Stead, Rebecca"
"Stearn, Ali"
"Stebleva, Victoria"
"Steele, Alastair"
"Steele, Craig"
"Steele, Philip"
"Steer, Dugald"
"Stegert, Alison.D"
"Steinbeck, John"
"Stelson, Caren"
"Stephens, Matt"
"Stephenson, Simon"
"Steptoe, John"
"Sterer, Gideon"
"Sterling, Holly"
"Steven, Laura"
"Stevenson, ND"
"Stevenson, Noelle"
"Stevenson, R.L"
"Stevens, Rebecca"
"Stevens, Robin"
"Stevens, Roger"
"Stewart, Alexandra"
"Stewart, Ena.Lamont"
"Stewart, Gill"
"Stewart, Lizzy"
"Stewart, Martin"
"Stewart, Paul"
"Stewart-Sharpe, Leisa"
"Stickley, Frances"
"Stiefvater, Maggie"
"Stine, R.L"
"Stinson, Kathy"
"St.John, Lauren"
"Stobbs, Greg"
"Stocker, Shannon"
"Stockett, Kathryn"
"Stohl, Margaret"
"Stoker, Bram"
"Stone, Rhian"
"Stone, Tiffany"
"Stoppard, Tom"
"Storey, Rita"
"Stowell, Louie"
"Stower, Adam"
"Strack, Emma"
"Strange, Lucy"
"Strasser, Susanne"
"Strasser, Todd"
"Strathie, Chae"
"Streatfeild, Noel"
"Strick, Alexandra"
"Strong, Damara"
"Strong, Jeremy"
"Stroud, Jonathan"
"Struthers, Rebecca"
"Stuart, Colin"
"Stuckey, Rachel"
"Sturton, Margaret"
"Stynes, Yumi"
"Subramaniam, Suma"
"Sue, Linda"
"Sullivan, Deirdre"
"Sullivan, John"
"Sullivan, Kyle"
"Sullivan, M.J."
"Sumberac, Manuel"
"Summerscale, Claire"
"Summerscale, Kate"
"Sung-hwa, Kim"
"Surplice, Holly"
"Sutcliff, Rosemary"
"Sutherland, Krystal"
"Sutherland, Tui.T"
"Sutton, Dotty"
"Sutton, Emily"
"Suzan, Leyla"
"Suzuki, David"
"Swain, Holly"
"Swan, Emma"
"Swann, Karen"
"Sweetland, George"
"Sweet, Melissa"
"Swift, Graham"
"Swift, Jonathan"
"Swift, Robyn"
"Swindells, Robert"
"Sworder, Zeno"
"Syed, Matthew"
"Sykes, Julie"
"Sykes, Oliver"
"Sylvan, Lisa.M"
"Symes, Sally"
"Symons, Ruth"
"Szpunar, Ola"
"Tadjo, Veronique"
"Tagholm, Sarah"
"Takei, George"
"Talbot, Rosie"
"Tallack, Malachy"
"Tallec, Olivier"
"Talley, Robin"
"Tamaki, Jillian"
"Tamaki, Lauren"
"Tamaki, Mariko"
"Tamarit, Nuria"
"Tambellini, Stefano"
"Tames, Richard"
"Tanner, Lian"
"Tan, Shaun"
"Tan, Sue.Lynn"
"Taplin, Sam"
"Tarakson, Stella"
"Tardif, Benoit"
"Tartan, Miro"
"Tartt, Donna"
"Tavares, Matt"
"Tavengerwei, Rutendo"
"Tawse, Daniel"
"Taylor, Ali"
"Taylor, Barbara"
"Taylor, BB"
"Taylor, Colin"
"Taylor, D.L"
"Taylor, Emily.J"
"Taylor, Georgie"
"Taylor, Georgina"
"Taylor, G.P"
"Taylor, Jasmine"
"Taylor, Jordyn"
"Taylor, Mildred"
"Taylor, Ruby"
"Taylor, Sean"
"Taylor, Theodore"
"Taylor, Thomas"
"Taylor, Venessa"
"Taymourian, Anahita"
"Tazz, Iron"
"Tazzyman, David"
"Teckentrup, Britta"
"Telgemeier, Raina"
"Tellegen, Toon"
"Tempest, Kae"
"Tendulkar, Sachin"
"Tennant, Harry"
"ter, Marc"
"Terreros-Martin, Anna"
"Testa, Fulvio"
"Tevis, Walter"
"Tey, Josephine"
"Tezuka, Osamu"
"Thai, Chi"
"Thakur, Sophia"
"Thanh.Nguyen, Viet"
"Thao, Dustin"
"Theis, Laura"
"Theroux, Paul"
"Thi, Muon"
"Thomas, Aiden"
"Thomas, Angie"
"Thomas, Edward"
"Thomas, Frances"
"Thomas, Isabel"
"Thomas, Stacey"
"Thomas, Tess"
"Thomas, Valerie"
"Thompkins-Bigelow, Jamilah"
"Thompson, Carol"
"Thompson, Colin"
"Thompson, Craig"
"Thompson, Daniel"
"Thompson, Kate"
"Thompson, K.R"
"Thompson, Laurie.Ann"
"Thompson, Lisa"
"Thompson, Ruby.Amy"
"Thomson, Kerr"
"Thomson, Pari"
"Thorne, Jack"
"Thornton, Nicki"
"Thorpe, Ashley"
"Thummler, Brenna"
"Thuras, Dylan"
"Tidball, Debra"
"Tilley, Tim"
"Tillman, Nancy"
"Timmers, Leo"
"Timmis, R.J."
"Timms, Barry"
"Timothy, ChantÃ©"
"Tinn-Disbury, Tom"
"Tite, Jack"
"Tizzard, Jessica"
"Tjong-Khing, ThÃ©"
"Tobias, Trisha"
"Toboso, Yana"
"Todd-Stanton, Joe"
"Togashi, Yoshihiro"
"Toht, Patricia"
"Toksvig, Sandi"
"Tolkien, J.R.R"
"Tolson, Hannah"
"Tolstikova, Dasha"
"Toma, Rei"
"Tomecek, Steve"
"Tomlinson, Ben"
"Tomlinson, Jill"
"Tompsett, C.L"
"Tooke, Hana"
"Topping, Victoria"
"Torday, Paul"
"Torday, Piers"
"Tosdevin, Frances"
"Towell, Colin"
"Towler, Paige"
"Townsend, Jessica"
"Townsend, John"
"Townsend, Sue"
"Townsend, Yarrow"
"Tracey, Rhian"
"Traor, Efua"
"TraorÃ©, Efua"
"Travers, P.L"
"Trease, Geoffrey"
"Tree, Isabella"
"Tregoning, Robert"
"Tregonning, Mel"
"Trehan, Meera"
"Tremain, Rose"
"Treml, Renee"
"Trevaldwyn, Harry"
"Trinder, Laura"
"Trujillo, Stefania.Aldana"
"Tsang, Katie"
"Tsang, Kevin"
"Tudhope, Simon"
"Tudor, Kael"
"Tuffs, Julia"
"Tullet, Herve"
"Tulloch, Coral"
"Tunnicliffe, Hannah"
"Turnbull, Ann"
"Turnbull, Stephanie"
"Turnbull, Victoria"
"Turner, James"
"Turner, Monique"
"Turner, Sadie"
"Turner, Tracey"
"Turton, Sue"
"Twain, Mark"
"Twiddy, Robin"
"Twist, Anne"
"Tyler, Madeline"
"Tzomaka, Vassiliki"
"Tzu, Sun"
"Udogu, Kenechi"
"Uglow, Joyce"
"Umansky, Kaye"
"Underwood, Deborah"
"Underwood, Mia"
"Underwood, Sarah"
"Ungerer, Tomi"
"Unsworth, Tania"
"Unwin, Lucy.Ann"
"Updike, John"
"Upperman, Katy"
"Ure, Jean"
"Usher, Sam"
"Usherwood, Simon"
"UviebinenÃ©, Elizabeth"
"Uzu, Tonka"
"Vago, Mike"
"Vaicenaviciene, Monika"
"Valckx, Catharina"
"Valente, Dominique"
"Valentine, Jenny"
"Valentine, Luna"
"VanAllsburg, Chris"
"van, Annemarie"
"Vance, James"
"Van.den.Ende, Peter"
"VanderMeer, Jeff"
"van.de.Ruit, John"
"Van, Jan"
"Van.Ornum, William"
"Van.Wyk, Chris"
"Vasco, Irene"
"Vast, Ã‰milie"
"Vaughan, Brian.K"
"Vaughan, Tom"
"Vecchione, Patrice"
"Vegara., Maria.Isabel.Sanchez"
"VeillÃ©, Ã‰ric"
"Verdick, Elizabeth"
"Vere, Ed"
"Verne, Jules"
"Vernon, Patrick"
"Verona, JesÃºs"
"Veyrenc, JoÃ«lle"
"Vick, Chris"
"Vidali, Valerio"
"Vidal, Oriol"
"Vieceli, Emma"
"Viera, Rayanne"
"Villadsen, Lise"
"Vinacour, Steven"
"Vincent, Jay"
"Vinti, Lucia"
"VÃ¶lker, Sven"
"Vohra, Ambika"
"Volant, Iris"
"Volker, Sven"
"Vo, Nancy"
"VonKitzing, Constanze"
"Voris, Jenna"
"Voutila, Ritva"
"Waddell, Martin"
"Wade, Jess"
"Waechter, Philip"
"Waissbluth, Denyse"
"Wakeford, Olivia"
"Wakeling, Kate"
"Walden, Libby"
"Walden, Sarah"
"Walden, Tillie"
"Walker, Alice"
"Walker, Angharad"
"Walker, Richard"
"Walker, Sally"
"Walker, Tim"
"Wallace, Adam"
"Wallace, Jason"
"Wallace, Karen"
"Walliams, David"
"Walliman, Dominic"
"Wallman, Sue"
"Wallmark, Laurie"
"Walmsley, Dan"
"Walmsley, Naomi"
"Walsh, Colin"
"Walsh, Sarah"
"Walter, George"
"Walter, Lavinia.Edna"
"Walther, K.L"
"Walton, Julia"
"Walton, Rob"
"Wambach, Amy"
"Wang, Andrea"
"Ward, Catherine"
"Ward, Helen"
"Ward, Nick"
"Ware, Jessica.L"
"Warner, Andrea"
"Warnes, Tim"
"Warren, Wendy.J"
"Watanabe, Aya"
"Watanabe, Ayako"
"Watanabe, Issa"
"Waters, Beth"
"Waters, Sarah"
"Waterworth, Anna"
"Watson, Helen"
"Watson, RenÃ©e"
"Watson, Richard"
"Watson, Victor"
"Watters, Shannon"
"Watt, Fiona"
"Waugh, Evelyn"
"Waugh, Mat"
"Weale, Andrew"
"Weatherby, Alison"
"Weatherill, Steve"
"Weatherill, Sue"
"Webb, Christina"
"Webber, Katherine"
"Webb, Holly"
"Webb, Kaye"
"Webb, Steve"
"Webster, George"
"Webster, Hayley"
"Webster, John"
"Webster, Niki"
"Wegelius, Jakob"
"Weil, Jeremy"
"Weil, Zaro"
"Wein, Elizabeth"
"Weiss, Sabrina"
"Weitzman, David"
"Welby, Betham"
"Welby, Bethan"
"Weldon, Cat"
"Welford, Ross"
"Welliver, Melissa"
"Wells, Hayley"
"Wells, H.G"
"Wells, Rosemary"
"Wells, Steve"
"Welsh, Clare.Helen"
"Weltman, Anna"
"Wenxuan, Cao"
"Wenzel, Angela"
"Wenzel, Brendan"
"Wersocki, Eve"
"Wertenbaker, Timberlake"
"Westall, Dan"
"Westall, Robert"
"Westcott, Rebecca"
"West, David"
"Westerfeld, Scott"
"Westergaard, Azadeh"
"West, Mathew"
"Westmoreland, Paul"
"Weston, Kate"
"West, Rebecca"
"Weymouth, Laura.E"
"Weze, Clare"
"Wharton, Alex"
"Wharton, Edith"
"Wheatle, Alex"
"Wheatley, Abigail"
"Wheatley, Nadia"
"Wheeler, B"
"Whelan, Gloria"
"Whelan, Peter"
"White, Alex"
"White, E.B"
"White, Edmund"
"White, Eloise"
"White, Lorna"
"White, T.H"
"Whitfield, Jakob"
"Whitson, Andrew"
"Whittam, Kimberly"
"Whybrow, Ian"
"Whyman, Matt"
"Wicks, Joe"
"Widlund, Filippa"
"Widmark, Martin"
"Wiederman, Katy"
"Wiesel, Elie"
"Wiesner, David"
"Wilcox, Alison"
"Wilde, Oscar"
"Wild, Margaret"
"Wildsmith, Brian"
"Wilkinson, Alf"
"Wilkinson, Carl"
"Wilkinson, Kate"
"Wilkinson, Philip"
"Wilkinson, Sheena"
"Wilkins, Verna.Allette"
"Wilks, Mike"
"Will, Farmer"
"Williams, Brian"
"Williams, Eloise"
"Williams-Harry, Donette"
"Williams, Imogen.Russell"
"Williams, Jake"
"Williams, Josie"
"Williams, J.T"
"Williams, Kate"
"Williams, Kit"
"Williams, Kristjana"
"Williams, Laura.Jane"
"Williams, Lily"
"Williams, Lisa"
"Williams, Marcia"
"Williams, Nigel"
"Williamson, Lara"
"Williamson, Lisa"
"Williamson, Pete"
"Williamson, S.F"
"Williamson, Victoria"
"Williams, Rachel"
"Williams, Rob"
"Williams, Sophie"
"Williams, Tennessee"
"Williams, Tyus.D"
"Williams, Ursula"
"Williams, Victoria"
"Willis, Gemma"
"Willis, Inky"
"Willis, Jeanne"
"Willmore, Alex"
"Wills, S.J."
"Wilsher, Jane"
"Wilsher, Rob"
"Wilson, Amy"
"Wilson, Anna"
"Wilson, Becky"
"Wilson, Jacqueline"
"Wilson, Jake.R"
"Wilson, Jennie.Cashman"
"Wilson, Kate"
"Wilson, Lauren"
"Wilson, Matthew.Taylor"
"Wilson-Max, Ken"
"Wilson, Phil"
"Wilson, Robyn"
"Wilson, Sonya"
"Wimberly, Ronald"
"Wing, Natasha"
"Winston, Robert"
"Winston, Sam"
"Winter, Jeanette"
"Winter, Kate"
"Winterson, Jeanette"
"Winterson, Jeannette"
"Winter, Tamsin"
"Winton, Tim"
"Wiseman, Kate"
"Wise, Margaret"
"Wishart, Sarah"
"Wismer, Sharon"
"Witherspoon, Sujin"
"Wlosok, Victoria"
"Wohlleben, Peter"
"Wojtowycz, David"
"Wolf, Rachel.Tilda"
"Wolk, Lauren"
"Wong, Alice"
"Wong, Nicole"
"Wong, Wai.Mei"
"Wood, A.J"
"Wood, Amanda"
"Wood, Bill"
"Woodcock, Fiona"
"Wood, David"
"Woodfine, Katherine"
"Woodfolk, Ashley"
"Woodgate, Harry"
"Woodgate, Vicky"
"Wood, Hannah"
"Wood, Laura"
"Woods, E.V."
"Woodson, Jacqueline"
"Wood, Steven"
"Woodward, John"
"Woolcock, Kim"
"Woolf, Alex"
"Woolfe, Angela"
"Woolf, Julia"
"Woolf, Virginia"
"Woollard, Elli"
"Wordsworth, Jonathan"
"Wormell, Chris"
"Wormell, Christopher"
"Worsley, Lucy"
"Worth, Rik"
Wotto
"Wright, Richard"
"Wright, Ruby"
"Wright, Stew"
"Wright, Tony"
"Wroe, Jo.Browning"
"Wunsch, Emma"
"Wyatt, David"
"Wykes, Reece"
"Wyndham, John"
X 
"Xiao, Forest"
Xinran
"Yaccarino, Dan"
"Yancey, Rick"
"Yarlett, Emma"
"Yarros, Rebecca"
"Yassin, Hamza"
"Yasuda, Kasumi"
"Yates, Richard"
"Yazawa, Ai"
"Yen, Adeline"
"Yoh, Eugenia"
"Yolen, Jane"
"Yoon, Nicola"
"Yoo, Taeeun"
"Yoshinari, Yoh"
"Yoshizaki, Mine"
"Young, Annemarie"
"Young, Beverley"
"Young, Debra"
"Young, Emma"
"Younger, Natalie"
"Young, Karen"
"Young, Nikki"
"Young, Pauline"
"Yousafzai, Malala"
"Yuksel, MO"
"Yumoto, Kazumi"
"Yun, Dai"
"Zafarris, Jess"
"Zajac, Aleksandra"
"Zakarian, Abi"
"Zdung, Jeet"
"Zea, Sharique"
"Zepf, MÃ¡ire"
"Zephaniah, Benjamin"
"Zetter, Neal"
"Zhang, Vikki"
"Zhu, Xin.Yue"
"Zihan, Mei"
"Zindel, Paul"
"Zobel, Anna"
"Zoboi, Ibi"
"Zoe, Claudia"
"Zolotow, Charlotte"
"Zommer, Yuval"
"Zusak, Markus"
"Zweig, Stefan"
"Ã€bÃ­kÃ©-ÃyÃ­mÃ­dÃ©, Faridah"
"Å edivÃ¡, Tereza"
